Assembly Accession	Assembly Name	Organism Name	Organism Infraspecific Names Breed	Organism Infraspecific Names Strain	Organism Infraspecific Names Cultivar	Organism Infraspecific Names Ecotype	Organism Infraspecific Names Isolate	Organism Infraspecific Names Sex	Assembly BioProject Accession	Assembly BioSample Accession
GCA_020917325.1	ASM2091732v1	Pseudomonas savastanoi		MHT1					PRJNA736824	SAMN19665368
GCF_020917325.1	ASM2091732v1	Pseudomonas savastanoi		MHT1					PRJNA736824	SAMN19665368
GCA_041378945.2	Pseudomonas savastanoi pathovar phaseolicola HB10Y	Pseudomonas savastanoi pv. phaseolicola		HB10Y					PRJNA1142166	SAMN42927920
GCF_041378945.2	Pseudomonas savastanoi pathovar phaseolicola HB10Y	Pseudomonas savastanoi pv. phaseolicola		HB10Y					PRJNA1142166	SAMN42927920
GCA_014855475.1	ASM1485547v1	Pseudomonas savastanoi		CAS03					PRJNA491790	SAMN10088813
GCF_014855475.1	ASM1485547v1	Pseudomonas savastanoi		CAS03					PRJNA491790	SAMN10088813
GCA_022026035.1	ASM2202603v1	Pseudomonas savastanoi pv. savastanoi		PVFi1					PRJNA635552	SAMN15043218
GCF_022026035.1	ASM2202603v1	Pseudomonas savastanoi pv. savastanoi		PVFi1					PRJNA635552	SAMN15043218
GCA_000012205.1	ASM1220v1	Pseudomonas savastanoi pv. phaseolicola 1448A		1448A; BAA-978					PRJNA12416	SAMN02603162
GCF_000012205.1	ASM1220v1	Pseudomonas savastanoi pv. phaseolicola 1448A		1448A; BAA-978					PRJNA12416	SAMN02603162
GCA_000164015.3	ASM16401v3	Pseudomonas savastanoi pv. savastanoi NCPPB 3335		NCPPB 3335					PRJNA41887	SAMN02471367
GCF_000164015.3	ASM16401v3	Pseudomonas savastanoi pv. savastanoi NCPPB 3335		NCPPB 3335					PRJNA41887	SAMN02471367
GCA_001401285.1	PsvICMP4352	Pseudomonas savastanoi pv. savastanoi		ICMP4352					PRJNA292453	SAMN03976268
GCF_001401285.1	PsvICMP4352	Pseudomonas savastanoi pv. savastanoi		ICMP 4352					PRJNA292453	SAMN03976268
GCA_001538155.1	ASM153815v1	Pseudomonas savastanoi pv. fraxini		CFBP 5062					PRJNA287460	SAMN03992201
GCF_001538155.1	ASM153815v1	Pseudomonas savastanoi pv. fraxini		CFBP 5062					PRJNA287460	SAMN03992201
GCA_001483545.1	PfrICMP7711	Pseudomonas savastanoi pv. fraxini		ICMP7711					PRJNA292453	SAMN03976404
GCF_001483545.1	PfrICMP7711	Pseudomonas savastanoi pv. fraxini		ICMP 7711					PRJNA292453	SAMN03976404
GCA_017140875.1	ASM1714087v1	Pseudomonas savastanoi pv. phaseolicola		race 8					PRJNA598713	SAMN13714831
GCF_017140875.1	ASM1714087v1	Pseudomonas savastanoi pv. phaseolicola		race 8					PRJNA598713	SAMN13714831
GCA_017140835.1	ASM1714083v1	Pseudomonas savastanoi pv. phaseolicola		race 5					PRJNA598713	SAMN13714830
GCF_017140835.1	ASM1714083v1	Pseudomonas savastanoi pv. phaseolicola		race 5					PRJNA598713	SAMN13714830
GCA_029764045.1	ASM2976404v1	Pseudomonas savastanoi pv. phaseolicola		Cuneo #6_18					PRJNA952184	SAMN34068137
GCF_029764045.1	ASM2976404v1	Pseudomonas savastanoi pv. phaseolicola		Cuneo #6_18					PRJNA952184	SAMN34068137
GCA_029764015.1	ASM2976401v1	Pseudomonas savastanoi pv. phaseolicola		Pph #13					PRJNA952184	SAMN34068136
GCF_029764015.1	ASM2976401v1	Pseudomonas savastanoi pv. phaseolicola		Pph #13					PRJNA952184	SAMN34068136
GCA_003702785.1	ASM370278v1	Pseudomonas savastanoi pv. phaseolicola		1449B					PRJNA292453	SAMN03976346
GCF_003702785.1	ASM370278v1	Pseudomonas savastanoi pv. phaseolicola		1449B					PRJNA292453	SAMN03976346
GCA_003413235.1	ASM341323v1	Pseudomonas savastanoi pv. phaseolicola		508					PRJNA481030	SAMN09655420
GCF_003413235.1	ASM341323v1	Pseudomonas savastanoi pv. phaseolicola		508					PRJNA481030	SAMN09655420
GCA_003413175.1	ASM341317v1	Pseudomonas savastanoi pv. phaseolicola		511					PRJNA481030	SAMN09655423
GCF_003413175.1	ASM341317v1	Pseudomonas savastanoi pv. phaseolicola		511					PRJNA481030	SAMN09655423
GCA_017009525.1	ASM1700952v1	Pseudomonas savastanoi pv. phaseolicola		T11544					PRJNA603636	SAMN13939497
GCF_017009525.1	ASM1700952v1	Pseudomonas savastanoi pv. phaseolicola		T11544					PRJNA603636	SAMN13939497
GCA_017009545.1	ASM1700954v1	Pseudomonas savastanoi pv. phaseolicola		K4287					PRJNA603636	SAMN13939498
GCF_017009545.1	ASM1700954v1	Pseudomonas savastanoi pv. phaseolicola		K4287					PRJNA603636	SAMN13939498
GCA_003413195.1	ASM341319v1	Pseudomonas savastanoi pv. phaseolicola		510					PRJNA481030	SAMN09655422
GCF_003413195.1	ASM341319v1	Pseudomonas savastanoi pv. phaseolicola		510					PRJNA481030	SAMN09655422
GCA_003413245.1	ASM341324v1	Pseudomonas savastanoi pv. phaseolicola		507					PRJNA481030	SAMN09655419
GCF_003413245.1	ASM341324v1	Pseudomonas savastanoi pv. phaseolicola		507					PRJNA481030	SAMN09655419
GCA_003413445.1	ASM341344v1	Pseudomonas savastanoi pv. phaseolicola		506					PRJNA481030	SAMN09655418
GCF_003413445.1	ASM341344v1	Pseudomonas savastanoi pv. phaseolicola		506					PRJNA481030	SAMN09655418
GCA_001294035.1	PphHB10Y	Pseudomonas savastanoi pv. phaseolicola		HB10Y					PRJNA287072	SAMN03837772
GCF_001294035.1	PphHB10Y	Pseudomonas savastanoi pv. phaseolicola		HB10Y					PRJNA287072	SAMN03837772
GCA_003413225.1	ASM341322v1	Pseudomonas savastanoi pv. phaseolicola		509					PRJNA481030	SAMN09655421
GCF_003413225.1	ASM341322v1	Pseudomonas savastanoi pv. phaseolicola		509					PRJNA481030	SAMN09655421
GCA_003412985.1	ASM341298v1	Pseudomonas savastanoi pv. phaseolicola		525					PRJNA481030	SAMN09655437
GCF_003412985.1	ASM341298v1	Pseudomonas savastanoi pv. phaseolicola		525					PRJNA481030	SAMN09655437
GCA_003413155.1	ASM341315v1	Pseudomonas savastanoi pv. phaseolicola		512					PRJNA481030	SAMN09655424
GCF_003413155.1	ASM341315v1	Pseudomonas savastanoi pv. phaseolicola		512					PRJNA481030	SAMN09655424
GCA_003413015.1	ASM341301v1	Pseudomonas savastanoi pv. phaseolicola		523					PRJNA481030	SAMN09655435
GCF_003413015.1	ASM341301v1	Pseudomonas savastanoi pv. phaseolicola		523					PRJNA481030	SAMN09655435
GCA_003413305.1	ASM341330v1	Pseudomonas savastanoi pv. phaseolicola		530					PRJNA481030	SAMN09655442
GCF_003413305.1	ASM341330v1	Pseudomonas savastanoi pv. phaseolicola		530					PRJNA481030	SAMN09655442
GCA_003413035.1	ASM341303v1	Pseudomonas savastanoi pv. phaseolicola		522					PRJNA481030	SAMN09655434
GCF_003413035.1	ASM341303v1	Pseudomonas savastanoi pv. phaseolicola		522					PRJNA481030	SAMN09655434
GCA_003413145.1	ASM341314v1	Pseudomonas savastanoi pv. phaseolicola		513					PRJNA481030	SAMN09655425
GCF_003413145.1	ASM341314v1	Pseudomonas savastanoi pv. phaseolicola		513					PRJNA481030	SAMN09655425
GCA_003413375.1	ASM341337v1	Pseudomonas savastanoi pv. phaseolicola		526					PRJNA481030	SAMN09655438
GCF_003413375.1	ASM341337v1	Pseudomonas savastanoi pv. phaseolicola		526					PRJNA481030	SAMN09655438
GCA_003412965.1	ASM341296v1	Pseudomonas savastanoi pv. phaseolicola		527					PRJNA481030	SAMN09655439
GCF_003412965.1	ASM341296v1	Pseudomonas savastanoi pv. phaseolicola		527					PRJNA481030	SAMN09655439
GCA_003413365.1	ASM341336v1	Pseudomonas savastanoi pv. phaseolicola		528					PRJNA481030	SAMN09655440
GCF_003413365.1	ASM341336v1	Pseudomonas savastanoi pv. phaseolicola		528					PRJNA481030	SAMN09655440
GCA_003700295.1	ASM370029v1	Pseudomonas savastanoi pv. phaseolicola		ICMP 637					PRJNA292453	SAMN03976427
GCF_003700295.1	ASM370029v1	Pseudomonas savastanoi pv. phaseolicola		ICMP 637					PRJNA292453	SAMN03976427
GCA_003703035.1	ASM370303v1	Pseudomonas savastanoi pv. phaseolicola		K4					PRJNA292453	SAMN03976337
GCF_003703035.1	ASM370303v1	Pseudomonas savastanoi pv. phaseolicola		K4					PRJNA292453	SAMN03976337
GCA_003701825.1	ASM370182v1	Pseudomonas savastanoi pv. phaseolicola		KN86					PRJNA292453	SAMN03976378
GCF_003701825.1	ASM370182v1	Pseudomonas savastanoi pv. phaseolicola		KN86					PRJNA292453	SAMN03976378
GCA_003412995.1	ASM341299v1	Pseudomonas savastanoi pv. phaseolicola		524					PRJNA481030	SAMN09655436
GCF_003412995.1	ASM341299v1	Pseudomonas savastanoi pv. phaseolicola		524					PRJNA481030	SAMN09655436
GCA_001294025.1	Pph1302A	Pseudomonas savastanoi pv. phaseolicola		1302A					PRJNA287071	SAMN03837771
GCF_001294025.1	Pph1302A	Pseudomonas savastanoi pv. phaseolicola		1302A					PRJNA287071	SAMN03837771
GCA_001400605.1	PphICMP2740	Pseudomonas savastanoi pv. phaseolicola		ICMP2740					PRJNA292453	SAMN03976265
GCF_001400605.1	PphICMP2740	Pseudomonas savastanoi pv. phaseolicola		ICMP 2740					PRJNA292453	SAMN03976265
GCA_003413115.1	ASM341311v1	Pseudomonas savastanoi pv. phaseolicola		515					PRJNA481030	SAMN09655427
GCF_003413115.1	ASM341311v1	Pseudomonas savastanoi pv. phaseolicola		515					PRJNA481030	SAMN09655427
GCA_003700625.1	ASM370062v1	Pseudomonas savastanoi pv. phaseolicola		ICMP 5059					PRJNA292453	SAMN03976471
GCF_003700625.1	ASM370062v1	Pseudomonas savastanoi pv. phaseolicola		ICMP 5059					PRJNA292453	SAMN03976471
GCA_001294065.1	PphY5_2	Pseudomonas savastanoi pv. phaseolicola		Y5_2					PRJNA287074	SAMN03837774
GCF_001294065.1	PphY5_2	Pseudomonas savastanoi pv. phaseolicola		Y5_2					PRJNA287074	SAMN03837774
GCA_003413095.1	ASM341309v1	Pseudomonas savastanoi pv. phaseolicola		516					PRJNA481030	SAMN09655428
GCF_003413095.1	ASM341309v1	Pseudomonas savastanoi pv. phaseolicola		516					PRJNA481030	SAMN09655428
GCA_003413075.1	ASM341307v1	Pseudomonas savastanoi pv. phaseolicola		519					PRJNA481030	SAMN09655431
GCF_003413075.1	ASM341307v1	Pseudomonas savastanoi pv. phaseolicola		519					PRJNA481030	SAMN09655431
GCA_001294105.1	PphNPS3121	Pseudomonas savastanoi pv. phaseolicola		NPS3121					PRJNA287073	SAMN03837773
GCF_001294105.1	PphNPS3121	Pseudomonas savastanoi pv. phaseolicola		NPS3121					PRJNA287073	SAMN03837773
GCA_003412855.1	ASM341285v1	Pseudomonas savastanoi pv. phaseolicola		535					PRJNA481030	SAMN09655446
GCF_003412855.1	ASM341285v1	Pseudomonas savastanoi pv. phaseolicola		535					PRJNA481030	SAMN09655446
GCA_003412865.1	ASM341286v1	Pseudomonas savastanoi pv. phaseolicola		533					PRJNA481030	SAMN09655445
GCF_003412865.1	ASM341286v1	Pseudomonas savastanoi pv. phaseolicola		533					PRJNA481030	SAMN09655445
GCA_003412905.1	ASM341290v1	Pseudomonas savastanoi pv. phaseolicola		532					PRJNA481030	SAMN09655444
GCF_003412905.1	ASM341290v1	Pseudomonas savastanoi pv. phaseolicola		532					PRJNA481030	SAMN09655444
GCA_003412915.1	ASM341291v1	Pseudomonas savastanoi pv. phaseolicola		531					PRJNA481030	SAMN09655443
GCF_003412915.1	ASM341291v1	Pseudomonas savastanoi pv. phaseolicola		531					PRJNA481030	SAMN09655443
GCA_003413425.1	ASM341342v1	Pseudomonas savastanoi pv. phaseolicola		514					PRJNA481030	SAMN09655426
GCF_003413425.1	ASM341342v1	Pseudomonas savastanoi pv. phaseolicola		514					PRJNA481030	SAMN09655426
GCA_003413385.1	ASM341338v1	Pseudomonas savastanoi pv. phaseolicola		517					PRJNA481030	SAMN09655429
GCF_003413385.1	ASM341338v1	Pseudomonas savastanoi pv. phaseolicola		517					PRJNA481030	SAMN09655429
GCA_003413345.1	ASM341334v1	Pseudomonas savastanoi pv. phaseolicola		518					PRJNA481030	SAMN09655430
GCF_003413345.1	ASM341334v1	Pseudomonas savastanoi pv. phaseolicola		518					PRJNA481030	SAMN09655430
GCA_001467115.1	ASM146711v1	Pseudomonas savastanoi		ICMP 19499					PRJNA295867	SAMN04092560
GCF_001467115.1	ASM146711v1	Pseudomonas savastanoi		ICMP 19499					PRJNA295867	SAMN04092560
GCA_024413095.1	ASM2441309v1	Pseudomonas savastanoi		LYR0002					PRJNA748252	SAMN29489351
GCF_024413095.1	ASM2441309v1	Pseudomonas savastanoi		LYR0002					PRJNA748252	SAMN29489351
GCA_024413415.1	ASM2441341v1	Pseudomonas savastanoi		JD01					PRJNA748252	SAMN29489343
GCF_024413415.1	ASM2441341v1	Pseudomonas savastanoi		JD01					PRJNA748252	SAMN29489343
GCA_001293725.1	Psv4352	Pseudomonas savastanoi		4352					PRJNA287079	SAMN03837775
GCF_001293725.1	Psv4352	Pseudomonas savastanoi		4352					PRJNA287079	SAMN03837775
GCA_008502015.1	ASM850201v1	Pseudomonas savastanoi		SBV_12848					PRJNA484265	SAMN09762337
GCF_008502015.1	ASM850201v1	Pseudomonas savastanoi		SBV_12848					PRJNA484265	SAMN09762337
GCA_002269885.1	ASM226988v1	Pseudomonas savastanoi		Ph3					PRJNA388575	SAMN07179224
GCF_002269885.1	ASM226988v1	Pseudomonas savastanoi		Ph3					PRJNA388575	SAMN07179224
GCA_024413515.1	ASM2441351v1	Pseudomonas savastanoi		JD03					PRJNA748252	SAMN29489344
GCF_024413515.1	ASM2441351v1	Pseudomonas savastanoi		JD03					PRJNA748252	SAMN29489344
GCA_003701725.1	ASM370172v1	Pseudomonas savastanoi		ICMP 13928					PRJNA292453	SAMN03976386
GCF_003701725.1	ASM370172v1	Pseudomonas savastanoi		ICMP 13928					PRJNA292453	SAMN03976386
GCA_003701915.1	ASM370191v1	Pseudomonas savastanoi		ICMP 17525					PRJNA292453	SAMN03976372
GCF_003701915.1	ASM370191v1	Pseudomonas savastanoi		ICMP 17525					PRJNA292453	SAMN03976372
GCA_003701775.1	ASM370177v1	Pseudomonas savastanoi		ICMP 9420					PRJNA292453	SAMN03976383
GCF_003701775.1	ASM370177v1	Pseudomonas savastanoi		ICMP 9420					PRJNA292453	SAMN03976383
GCA_003702975.1	ASM370297v1	Pseudomonas savastanoi		ICMP 11895					PRJNA292453	SAMN03976340
GCF_003702975.1	ASM370297v1	Pseudomonas savastanoi		ICMP 11895					PRJNA292453	SAMN03976340
GCA_003702965.1	ASM370296v1	Pseudomonas savastanoi		ICMP 11899					PRJNA292453	SAMN03976342
GCF_003702965.1	ASM370296v1	Pseudomonas savastanoi		ICMP 11899					PRJNA292453	SAMN03976342
GCA_003701705.1	ASM370170v1	Pseudomonas savastanoi		ICMP 9421					PRJNA292453	SAMN03976384
GCF_003701705.1	ASM370170v1	Pseudomonas savastanoi		ICMP 9421					PRJNA292453	SAMN03976384
GCA_003701865.1	ASM370186v1	Pseudomonas savastanoi		ICMP 13684					PRJNA292453	SAMN03976376
GCF_003701865.1	ASM370186v1	Pseudomonas savastanoi		ICMP 13684					PRJNA292453	SAMN03976376
GCA_003699395.1	ASM369939v1	Pseudomonas savastanoi		0485_9					PRJNA292453	SAMN03976513
GCF_003699395.1	ASM369939v1	Pseudomonas savastanoi		0485_9					PRJNA292453	SAMN03976513
GCA_000935695.1	PSAVPseNe107-G1	Pseudomonas savastanoi pv. savastanoi		PseNe107					PRJNA274668	SAMN03328984
GCF_000935695.1	PSAVPseNe107-G1	Pseudomonas savastanoi pv. savastanoi		PseNe107					PRJNA274668	SAMN03328984
GCA_013911125.1	ASM1391112v1	Pseudomonas savastanoi pv. savastanoi		UPN912					PRJNA638121	SAMN15196490
GCF_013911125.1	ASM1391112v1	Pseudomonas savastanoi pv. savastanoi		UPN912					PRJNA638121	SAMN15196490
GCA_003699365.1	ASM369936v1	Pseudomonas savastanoi pv. savastanoi		ICMP 13519					PRJNA292453	SAMN03976515
GCF_003699365.1	ASM369936v1	Pseudomonas savastanoi pv. savastanoi		ICMP 13519					PRJNA292453	SAMN03976515
GCA_000732035.1	PSV1.0	Pseudomonas savastanoi pv. savastanoi		DAPP-PG722					PRJNA251981	SAMN02843422
GCF_000732035.1	PSV1.0	Pseudomonas savastanoi pv. savastanoi		DAPP-PG722					PRJNA251981	SAMN02843422
GCA_003699215.1	ASM369921v1	Pseudomonas savastanoi pv. savastanoi		ICMP 1411					PRJNA292453	SAMN03976480
GCF_003699215.1	ASM369921v1	Pseudomonas savastanoi pv. savastanoi		ICMP 1411					PRJNA292453	SAMN03976480
GCA_000187065.2	ASM18706v2	Pseudomonas savastanoi pv. glycinea str. race 4		race 4					PRJNA51519	SAMN02471825
GCF_000187065.1	ASM18706v2	Pseudomonas savastanoi pv. glycinea str. race 4		race 4					PRJNA51519	SAMN02471825
GCA_001294265.1	Pseudomonas syringae pv. glycinea BR1	Pseudomonas savastanoi pv. glycinea		BR1					PRJNA284853	SAMN03837779
GCF_001294265.1	Pseudomonas syringae pv. glycinea BR1	Pseudomonas savastanoi pv. glycinea		BR1					PRJNA284853	SAMN03837779
GCA_003699605.1	ASM369960v1	Pseudomonas savastanoi pv. glycinea		ICMP 4324					PRJNA292453	SAMN03976498
GCF_003699605.1	ASM369960v1	Pseudomonas savastanoi pv. glycinea		ICMP 4324					PRJNA292453	SAMN03976498
GCA_001294275.1	PgyUnB647	Pseudomonas savastanoi pv. glycinea		UnB647					PRJNA285232	SAMN03837734
GCF_001294275.1	PgyUnB647	Pseudomonas savastanoi pv. glycinea		UnB647					PRJNA285232	SAMN03837734
GCA_001294195.1	PgyKN44	Pseudomonas savastanoi pv. glycinea		KN44					PRJNA284855	SAMN03737225
GCF_001294195.1	PgyKN44	Pseudomonas savastanoi pv. glycinea		KN44					PRJNA284855	SAMN03737225
GCA_003701515.1	ASM370151v1	Pseudomonas savastanoi pv. glycinea		ICMP 9923					PRJNA292453	SAMN03976401
GCF_003701515.1	ASM370151v1	Pseudomonas savastanoi pv. glycinea		ICMP 9923					PRJNA292453	SAMN03976401
GCA_003699565.1	ASM369956v1	Pseudomonas savastanoi pv. glycinea		ICMP 4332					PRJNA292453	SAMN03976499
GCF_003699565.1	ASM369956v1	Pseudomonas savastanoi pv. glycinea		ICMP 4332					PRJNA292453	SAMN03976499
GCA_003701095.1	ASM370109v1	Pseudomonas savastanoi pv. glycinea		ICMP 4182					PRJNA292453	SAMN03976436
GCF_003701095.1	ASM370109v1	Pseudomonas savastanoi pv. glycinea		ICMP 4182					PRJNA292453	SAMN03976436
GCA_003701155.1	ASM370115v1	Pseudomonas savastanoi pv. glycinea		ICMP 2185					PRJNA292453	SAMN03976426
GCF_003701155.1	ASM370115v1	Pseudomonas savastanoi pv. glycinea		ICMP 2185					PRJNA292453	SAMN03976426
GCA_001293765.1	PgyLN10	Pseudomonas savastanoi pv. glycinea		LN10					PRJNA285209	SAMN03837733
GCF_001293765.1	PgyLN10	Pseudomonas savastanoi pv. glycinea		LN10					PRJNA285209	SAMN03837733
GCA_003700005.1	ASM370000v1	Pseudomonas savastanoi pv. glycinea		ICMP 6372					PRJNA292453	SAMN03976467
GCF_003700005.1	ASM370000v1	Pseudomonas savastanoi pv. glycinea		ICMP 6372					PRJNA292453	SAMN03976467
GCA_003701035.1	ASM370103v1	Pseudomonas savastanoi pv. glycinea		ICMP 5559					PRJNA292453	SAMN03976437
GCF_003701035.1	ASM370103v1	Pseudomonas savastanoi pv. glycinea		ICMP 5559					PRJNA292453	SAMN03976437
GCA_001400375.1	PgyICMP2189	Pseudomonas savastanoi pv. glycinea		ICMP 2189					PRJNA292453	SAMN03976247
GCF_001400375.1	PgyICMP2189	Pseudomonas savastanoi pv. glycinea		ICMP 2189					PRJNA292453	SAMN03976247
GCA_003701045.1	ASM370104v1	Pseudomonas savastanoi pv. glycinea		ICMP 4181					PRJNA292453	SAMN03976435
GCF_003701045.1	ASM370104v1	Pseudomonas savastanoi pv. glycinea		ICMP 4181					PRJNA292453	SAMN03976435
GCA_003700195.1	ASM370019v1	Pseudomonas savastanoi pv. glycinea		ICMP 4180					PRJNA292453	SAMN03976446
GCF_003700195.1	ASM370019v1	Pseudomonas savastanoi pv. glycinea		ICMP 4180					PRJNA292453	SAMN03976446
GCA_003700245.1	ASM370024v1	Pseudomonas savastanoi pv. glycinea		ICMP 5560					PRJNA292453	SAMN03976438
GCF_003700245.1	ASM370024v1	Pseudomonas savastanoi pv. glycinea		ICMP 5560					PRJNA292453	SAMN03976438
GCA_003699425.1	ASM369942v1	Pseudomonas savastanoi pv. glycinea		ICMP 807					PRJNA292453	SAMN03976512
GCF_003699425.1	ASM369942v1	Pseudomonas savastanoi pv. glycinea		ICMP 807					PRJNA292453	SAMN03976512
GCA_003701195.1	ASM370119v1	Pseudomonas savastanoi pv. glycinea		ICMP 5378					PRJNA292453	SAMN03976428
GCF_003701195.1	ASM370119v1	Pseudomonas savastanoi pv. glycinea		ICMP 5378					PRJNA292453	SAMN03976428
GCA_003699675.1	ASM369967v1	Pseudomonas savastanoi pv. glycinea		ICMP 5928					PRJNA292453	SAMN03976495
GCF_003699675.1	ASM369967v1	Pseudomonas savastanoi pv. glycinea		ICMP 5928					PRJNA292453	SAMN03976495
GCA_003700655.1	ASM370065v1	Pseudomonas savastanoi pv. glycinea		ICMP 867					PRJNA292453	SAMN03976466
GCF_003700655.1	ASM370065v1	Pseudomonas savastanoi pv. glycinea		ICMP 867					PRJNA292453	SAMN03976466
GCA_003700985.1	ASM370098v1	Pseudomonas savastanoi pv. glycinea		ICMP 5562					PRJNA292453	SAMN03976439
GCF_003700985.1	ASM370098v1	Pseudomonas savastanoi pv. glycinea		ICMP 5562					PRJNA292453	SAMN03976439
GCA_003700695.1	ASM370069v1	Pseudomonas savastanoi pv. glycinea		ICMP 6373					PRJNA292453	SAMN03976468
GCF_003700695.1	ASM370069v1	Pseudomonas savastanoi pv. glycinea		ICMP 6373					PRJNA292453	SAMN03976468
GCA_003700395.1	ASM370039v1	Pseudomonas savastanoi pv. glycinea		ICMP 4631					PRJNA292453	SAMN03976421
GCF_003700395.1	ASM370039v1	Pseudomonas savastanoi pv. glycinea		ICMP 4631					PRJNA292453	SAMN03976421
GCA_003702375.1	ASM370237v1	Pseudomonas savastanoi pv. glycinea		ICMP 5027					PRJNA292453	SAMN03976352
GCF_003702375.1	ASM370237v1	Pseudomonas savastanoi pv. glycinea		ICMP 5027					PRJNA292453	SAMN03976352
GCA_003701265.1	ASM370126v1	Pseudomonas savastanoi pv. glycinea		ICMP 4630					PRJNA292453	SAMN03976420
GCF_003701265.1	ASM370126v1	Pseudomonas savastanoi pv. glycinea		ICMP 4630					PRJNA292453	SAMN03976420
GCA_003703335.1	ASM370333v1	Pseudomonas savastanoi pv. glycinea		ICMP 7082					PRJNA292453	SAMN03976321
GCF_003703335.1	ASM370333v1	Pseudomonas savastanoi pv. glycinea		ICMP 7082					PRJNA292453	SAMN03976321
GCA_003701385.1	ASM370138v1	Pseudomonas savastanoi pv. glycinea		ICMP 2400					PRJNA292453	SAMN03976413
GCF_003701385.1	ASM370138v1	Pseudomonas savastanoi pv. glycinea		ICMP 2400					PRJNA292453	SAMN03976413
GCA_003702145.1	ASM370214v1	Pseudomonas savastanoi pv. glycinea		ICMP 9025					PRJNA292453	SAMN03976359
GCF_003702145.1	ASM370214v1	Pseudomonas savastanoi pv. glycinea		ICMP 9025					PRJNA292453	SAMN03976359
GCA_003702805.1	ASM370280v1	Pseudomonas savastanoi pv. glycinea		ICMP 4333					PRJNA292453	SAMN03976332
GCF_003702805.1	ASM370280v1	Pseudomonas savastanoi pv. glycinea		ICMP 4333					PRJNA292453	SAMN03976332
GCA_003699095.1	ASM369909v1	Pseudomonas savastanoi pv. glycinea		ICMP 4402					PRJNA292453	SAMN03976500
GCF_003699095.1	ASM369909v1	Pseudomonas savastanoi pv. glycinea		ICMP 4402					PRJNA292453	SAMN03976500
GCA_003702845.1	ASM370284v1	Pseudomonas savastanoi pv. glycinea		ICMP 4966					PRJNA292453	SAMN03976351
GCF_003702845.1	ASM370284v1	Pseudomonas savastanoi pv. glycinea		ICMP 4966					PRJNA292453	SAMN03976351
GCA_003699695.1	ASM369969v1	Pseudomonas savastanoi pv. glycinea		ICMP 10450					PRJNA292453	SAMN03976493
GCF_003699695.1	ASM369969v1	Pseudomonas savastanoi pv. glycinea		ICMP 10450					PRJNA292453	SAMN03976493
GCA_003699685.1	ASM369968v1	Pseudomonas savastanoi pv. glycinea		ICMP 10451					PRJNA292453	SAMN03976494
GCF_003699685.1	ASM369968v1	Pseudomonas savastanoi pv. glycinea		ICMP 10451					PRJNA292453	SAMN03976494
GCA_003699735.1	ASM369973v1	Pseudomonas savastanoi pv. glycinea		ICMP 10448					PRJNA292453	SAMN03976491
GCF_003699735.1	ASM369973v1	Pseudomonas savastanoi pv. glycinea		ICMP 10448					PRJNA292453	SAMN03976491
GCA_003699125.1	ASM369912v1	Pseudomonas savastanoi pv. glycinea		ICMP 10449					PRJNA292453	SAMN03976492
GCF_003699125.1	ASM369912v1	Pseudomonas savastanoi pv. glycinea		ICMP 10449					PRJNA292453	SAMN03976492
GCA_003702125.1	ASM370212v1	Pseudomonas savastanoi pv. glycinea		ICMP 9026					PRJNA292453	SAMN03976360
GCF_003702125.1	ASM370212v1	Pseudomonas savastanoi pv. glycinea		ICMP 9026					PRJNA292453	SAMN03976360
GCA_000187045.2	ASM18704v2	Pseudomonas savastanoi pv. glycinea str. B076		B076					PRJNA51517	SAMN02471826
GCF_000187045.1	ASM18704v2	Pseudomonas savastanoi pv. glycinea str. B076		B076					PRJNA51517	SAMN02471826
GCA_001535815.1	ASM153581v1	Pseudomonas savastanoi pv. nerii		CFBP 5067					PRJNA287460	SAMN03992215
GCF_001535815.1	ASM153581v1	Pseudomonas savastanoi pv. nerii		CFBP 5067					PRJNA287460	SAMN03992215
GCA_002269785.1	ASM226978v1	Pseudomonas savastanoi pv. fraxini		NCPPB 1006					PRJNA388451	SAMN07177411
GCF_002269785.1	ASM226978v1	Pseudomonas savastanoi pv. fraxini		NCPPB 1006					PRJNA388451	SAMN07177411
GCA_002270015.1	ASM227001v1	Pseudomonas savastanoi pv. nerii		ESC 23					PRJNA388634	SAMN07179550
GCF_002270015.1	ASM227001v1	Pseudomonas savastanoi pv. nerii		ESC 23					PRJNA388634	SAMN07179550
GCA_002115545.1	ASM211554v1	Pseudomonas savastanoi pv. retacarpa		CECT 4861					PRJNA381903	SAMN06691537
GCF_002115545.1	ASM211554v1	Pseudomonas savastanoi pv. retacarpa		CECT 4861					PRJNA381903	SAMN06691537
GCA_001400575.1	PneICMP16943	Pseudomonas savastanoi pv. nerii		ICMP16943					PRJNA292453	SAMN03976271
GCF_001400575.1	PneICMP16943	Pseudomonas savastanoi pv. nerii		ICMP 16943					PRJNA292453	SAMN03976271
GCA_003699255.1	ASM369925v1	Pseudomonas savastanoi pv. retacarpa		ICMP 16947					PRJNA292453	SAMN03976525
GCF_003699255.1	ASM369925v1	Pseudomonas savastanoi pv. retacarpa		ICMP 16947					PRJNA292453	SAMN03976525
GCA_003700445.1	ASM370044v1	Pseudomonas savastanoi pv. fraxini		ICMP 9129					PRJNA292453	SAMN03976407
GCF_003700445.1	ASM370044v1	Pseudomonas savastanoi pv. fraxini		ICMP 9129					PRJNA292453	SAMN03976407
GCA_003701475.1	ASM370147v1	Pseudomonas savastanoi pv. fraxini		ICMP 9132					PRJNA292453	SAMN03976406
GCF_003701475.1	ASM370147v1	Pseudomonas savastanoi pv. fraxini		ICMP 9132					PRJNA292453	SAMN03976406
GCA_003701485.1	ASM370148v1	Pseudomonas savastanoi pv. fraxini		ICMP 7712					PRJNA292453	SAMN03976405
GCF_003701485.1	ASM370148v1	Pseudomonas savastanoi pv. fraxini		ICMP 7712					PRJNA292453	SAMN03976405
GCA_003702335.1	ASM370233v1	Pseudomonas savastanoi pv. nerii		ICMP 16944					PRJNA292453	SAMN03976353
GCF_003702335.1	ASM370233v1	Pseudomonas savastanoi pv. nerii		ICMP 16944					PRJNA292453	SAMN03976353
GCA_003701975.1	ASM370197v1	Pseudomonas savastanoi pv. nerii		ICMP 13786					PRJNA292453	SAMN03976367
GCF_003701975.1	ASM370197v1	Pseudomonas savastanoi pv. nerii		ICMP 13786					PRJNA292453	SAMN03976367
GCA_001400935.1	PreICMP16945	Pseudomonas savastanoi pv. retacarpa		ICMP16945					PRJNA292453	SAMN03976259
GCF_001400935.1	PreICMP16945	Pseudomonas savastanoi pv. retacarpa		ICMP 16945					PRJNA292453	SAMN03976259
GCA_000225805.1	ASM22580v1	Pseudomonas savastanoi pv. phaseolicola 1644R		1644R					PRJNA72523	SAMN02471563
GCF_000225805.1	ASM22580v1	Pseudomonas savastanoi pv. phaseolicola 1644R		1644R					PRJNA72523	SAMN02471563
GCA_000143005.1	ASM14300v1	Pseudomonas savastanoi pv. glycinea str. race 4		race 4					PRJNA33197	SAMN02471322
GCF_000143005.1	ASM14300v1	Pseudomonas savastanoi pv. glycinea str. race 4		race 4					PRJNA33197	SAMN02471322
GCA_003413325.1	ASM341332v1	Pseudomonas savastanoi pv. phaseolicola		520					PRJNA481030	SAMN09655432
GCF_003413325.1	ASM341332v1	Pseudomonas savastanoi pv. phaseolicola		520					PRJNA481030	SAMN09655432
GCA_003413065.1	ASM341306v1	Pseudomonas savastanoi pv. phaseolicola		521					PRJNA481030	SAMN09655433
GCF_003413065.1	ASM341306v1	Pseudomonas savastanoi pv. phaseolicola		521					PRJNA481030	SAMN09655433
GCA_003701695.1	ASM370169v1	Pseudomonas savastanoi		ICMP 13927					PRJNA292453	SAMN03976385
GCF_003701695.1	ASM370169v1	Pseudomonas savastanoi		ICMP 13927					PRJNA292453	SAMN03976385
GCA_003700495.1	ASM370049v1	Pseudomonas savastanoi		ICMP 13685					PRJNA292453	SAMN03976395
GCF_003700495.1	ASM370049v1	Pseudomonas savastanoi		ICMP 13685					PRJNA292453	SAMN03976395
GCA_003702985.1	ASM370298v1	Pseudomonas savastanoi		ICMP 11897					PRJNA292453	SAMN03976341
GCF_003702985.1	ASM370298v1	Pseudomonas savastanoi		ICMP 11897					PRJNA292453	SAMN03976341
GCA_000751155.1	PSV1.0	Pseudomonas savastanoi pv. savastanoi							PRJEB6503	SAMEA2587588
GCF_000751155.1	PSV1.0	Pseudomonas savastanoi pv. savastanoi							PRJEB6503	SAMEA2587588
GCA_003205945.1	ASM320594v1	Pseudomonas savastanoi pv. glycinea		2411					PRJNA472857	SAMN09235868
GCF_003205945.1	ASM320594v1	Pseudomonas savastanoi pv. glycinea		2411					PRJNA472857	SAMN09235868
GCA_003701285.1	ASM370128v1	Pseudomonas savastanoi pv. glycinea		ICMP 2236					PRJNA292453	SAMN03976419
GCF_003701285.1	ASM370128v1	Pseudomonas savastanoi pv. glycinea		ICMP 2236					PRJNA292453	SAMN03976419
GCA_003699315.1	ASM369931v1	Pseudomonas savastanoi pv. glycinea		ICMP 9589					PRJNA292453	SAMN03976522
GCF_003699315.1	ASM369931v1	Pseudomonas savastanoi pv. glycinea		ICMP 9589					PRJNA292453	SAMN03976522
GCA_003701325.1	ASM370132v1	Pseudomonas savastanoi pv. glycinea		ICMP 3482					PRJNA292453	SAMN03976416
GCA_003702035.1	ASM370203v1	Pseudomonas savastanoi pv. nerii		ICMP 13781					PRJNA292453	SAMN03976366
GCF_003702035.1	ASM370203v1	Pseudomonas savastanoi pv. nerii		ICMP 13781					PRJNA292453	SAMN03976366
GCA_003700145.1	ASM370014v1	Pseudomonas savastanoi pv. retacarpa		ICMP 16946					PRJNA292453	SAMN03976447
GCF_003700145.1	ASM370014v1	Pseudomonas savastanoi pv. retacarpa		ICMP 16946					PRJNA292453	SAMN03976447
