BioProject,dnaQ_cluster,mutL_cluster,mutS_cluster,mutT_cluster,mutY_cluster,uvrD_cluster,count
PRJDB10413,cluster2,cluster46,cluster142,cluster4,cluster73,cluster11,1
PRJDB10413,cluster2,cluster46,cluster84,cluster4,cluster73,cluster11,1
PRJDB10413,cluster39,cluster46,cluster82,cluster59,cluster54,cluster4,1
PRJDB11119,cluster2,cluster11,cluster11,cluster15,cluster16,cluster4,1
PRJDB12880,cluster7,cluster36,cluster5,cluster8,cluster64,cluster5,1
PRJDB13023,cluster7,cluster186,cluster8,cluster8,cluster64,cluster123,1
PRJDB13024,cluster7,cluster36,cluster162,cluster8,cluster64,cluster97,1
PRJDB6661,cluster106,cluster172,cluster8,cluster8,cluster8,cluster5,1
PRJDB6661,cluster12,cluster5,cluster8,cluster8,cluster14,cluster5,1
PRJDB9457,cluster29,cluster39,cluster42,cluster40,cluster36,cluster27,1
PRJDB9457,cluster64,cluster129,cluster148,cluster103,cluster102,cluster67,1
PRJDB9457,cluster64,cluster130,cluster120,cluster103,cluster126,cluster67,1
PRJDB9457,cluster64,cluster131,cluster120,cluster103,cluster96,cluster67,1
PRJDB9457,cluster81,cluster132,cluster149,cluster137,cluster36,cluster91,1
PRJDB9457,cluster82,cluster133,cluster120,cluster103,cluster96,cluster67,1
PRJDB9457,cluster83,cluster39,cluster42,cluster40,cluster109,cluster27,1
PRJDB9457,cluster84,cluster134,cluster150,cluster138,cluster127,cluster92,1
PRJDB9457,cluster84,cluster135,cluster151,cluster139,cluster128,cluster93,1
PRJEB15992,cluster37,cluster121,cluster138,cluster129,cluster118,cluster85,1
PRJEB16115,cluster13,cluster15,cluster18,cluster197,cluster162,cluster13,1
PRJEB16238,cluster29,cluster39,cluster42,cluster40,cluster36,cluster27,1
PRJEB16445,cluster5,cluster6,cluster204,cluster6,cluster6,cluster6,1
PRJEB16547,cluster116,cluster196,cluster215,cluster196,cluster161,cluster130,1
PRJEB16566,cluster10,cluster8,cluster118,cluster104,cluster99,cluster5,1
PRJEB17159,cluster8,cluster9,cluster10,cluster150,cluster20,cluster6,1
PRJEB17212,cluster8,cluster9,cluster10,cluster150,cluster20,cluster6,1
PRJEB17336,cluster8,cluster42,cluster216,cluster89,cluster76,cluster6,1
PRJEB17346,cluster8,cluster197,cluster217,cluster89,cluster20,cluster6,1
PRJEB17468,cluster116,cluster196,cluster215,cluster196,cluster161,cluster130,1
PRJEB18419,cluster117,cluster198,cluster218,cluster198,cluster163,cluster131,1
PRJEB20965,cluster18,cluster192,cluster153,cluster199,cluster19,cluster18,1
PRJEB23287,cluster1,cluster67,cluster85,cluster78,cluster59,cluster45,1
PRJEB23287,cluster118,cluster80,cluster85,cluster78,cluster59,cluster45,2
PRJEB23287,cluster2,cluster46,cluster80,cluster76,cluster71,cluster11,1
PRJEB23287,cluster2,cluster46,cluster83,cluster77,cluster11,cluster4,1
PRJEB23287,cluster4,cluster199,cluster5,cluster5,cluster164,cluster5,1
PRJEB23287,cluster5,cluster3,cluster27,cluster100,cluster3,cluster62,1
PRJEB23287,cluster59,cluster161,cluster178,cluster3,cluster145,cluster3,1
PRJEB24450,cluster10,cluster207,cluster50,cluster209,cluster59,cluster143,9
PRJEB24450,cluster10,cluster8,cluster72,cluster258,cluster59,cluster5,2
PRJEB24450,cluster107,cluster223,cluster207,cluster18,cluster19,cluster153,1
PRJEB24450,cluster112,cluster193,cluster147,cluster152,cluster39,cluster18,155
PRJEB24450,cluster112,cluster43,cluster147,cluster133,cluster19,cluster18,6
PRJEB24450,cluster112,cluster43,cluster147,cluster136,cluster39,cluster18,110
PRJEB24450,cluster112,cluster43,cluster251,cluster136,cluster39,cluster18,10
PRJEB24450,cluster112,cluster71,cluster144,cluster152,cluster39,cluster18,22
PRJEB24450,cluster112,cluster71,cluster228,cluster136,cluster39,cluster18,2
PRJEB24450,cluster115,cluster43,cluster147,cluster226,cluster19,cluster18,1
PRJEB24450,cluster119,cluster192,cluster221,cluster260,cluster160,cluster18,1
PRJEB24450,cluster119,cluster43,cluster100,cluster152,cluster19,cluster18,2
PRJEB24450,cluster119,cluster43,cluster153,cluster152,cluster19,cluster18,17
PRJEB24450,cluster120,cluster200,cluster223,cluster201,cluster166,cluster134,7
PRJEB24450,cluster120,cluster226,cluster261,cluster238,cluster182,cluster155,1
PRJEB24450,cluster120,cluster248,cluster285,cluster264,cluster182,cluster134,1
PRJEB24450,cluster121,cluster201,cluster225,cluster202,cluster167,cluster135,3
PRJEB24450,cluster122,cluster202,cluster226,cluster203,cluster168,cluster136,2
PRJEB24450,cluster123,cluster203,cluster227,cluster204,cluster169,cluster137,3
PRJEB24450,cluster124,cluster204,cluster229,cluster205,cluster170,cluster138,3
PRJEB24450,cluster124,cluster204,cluster230,cluster206,cluster171,cluster139,1
PRJEB24450,cluster124,cluster204,cluster231,cluster207,cluster172,cluster140,1
PRJEB24450,cluster124,cluster232,cluster231,cluster257,cluster171,cluster169,1
PRJEB24450,cluster124,cluster232,cluster265,cluster207,cluster171,cluster139,4
PRJEB24450,cluster125,cluster205,cluster232,cluster208,cluster173,cluster141,2
PRJEB24450,cluster126,cluster208,cluster236,cluster210,cluster175,cluster144,1
PRJEB24450,cluster127,cluster202,cluster226,cluster203,cluster177,cluster136,2
PRJEB24450,cluster128,cluster211,cluster241,cluster214,cluster179,cluster6,1
PRJEB24450,cluster129,cluster211,cluster241,cluster214,cluster179,cluster6,2
PRJEB24450,cluster129,cluster221,cluster241,cluster230,cluster189,cluster6,1
PRJEB24450,cluster129,cluster222,cluster241,cluster231,cluster190,cluster6,2
PRJEB24450,cluster130,cluster18,cluster233,cluster175,cluster19,cluster18,3
PRJEB24450,cluster130,cluster18,cluster281,cluster175,cluster19,cluster18,1
PRJEB24450,cluster131,cluster209,cluster243,cluster216,cluster19,cluster18,22
PRJEB24450,cluster132,cluster192,cluster153,cluster136,cluster137,cluster18,16
PRJEB24450,cluster133,cluster214,cluster246,cluster218,cluster181,cluster145,1
PRJEB24450,cluster134,cluster215,cluster247,cluster219,cluster182,cluster146,1
PRJEB24450,cluster134,cluster215,cluster270,cluster219,cluster182,cluster146,3
PRJEB24450,cluster135,cluster216,cluster248,cluster221,cluster184,cluster147,1
PRJEB24450,cluster136,cluster217,cluster249,cluster222,cluster185,cluster148,5
PRJEB24450,cluster137,cluster18,cluster140,cluster18,cluster19,cluster18,1
PRJEB24450,cluster138,cluster218,cluster250,cluster225,cluster186,cluster150,1
PRJEB24450,cluster139,cluster219,cluster252,cluster227,cluster187,cluster151,1
PRJEB24450,cluster140,cluster220,cluster253,cluster229,cluster188,cluster152,1
PRJEB24450,cluster141,cluster165,cluster255,cluster232,cluster191,cluster112,4
PRJEB24450,cluster141,cluster165,cluster259,cluster236,cluster191,cluster112,1
PRJEB24450,cluster142,cluster43,cluster220,cluster149,cluster39,cluster18,1
PRJEB24450,cluster143,cluster43,cluster147,cluster136,cluster39,cluster18,1
PRJEB24450,cluster144,cluster225,cluster260,cluster237,cluster192,cluster154,1
PRJEB24450,cluster145,cluster228,cluster145,cluster132,cluster125,cluster90,1
PRJEB24450,cluster146,cluster230,cluster263,cluster241,cluster194,cluster157,1
PRJEB24450,cluster147,cluster231,cluster264,cluster242,cluster195,cluster158,1
PRJEB24450,cluster148,cluster233,cluster266,cluster243,cluster196,cluster159,1
PRJEB24450,cluster148,cluster236,cluster268,cluster245,cluster198,cluster161,1
PRJEB24450,cluster148,cluster236,cluster278,cluster254,cluster207,cluster161,3
PRJEB24450,cluster149,cluster234,cluster267,cluster244,cluster197,cluster160,1
PRJEB24450,cluster149,cluster246,cluster280,cluster259,cluster209,cluster170,1
PRJEB24450,cluster149,cluster246,cluster282,cluster261,cluster210,cluster170,1
PRJEB24450,cluster15,cluster213,cluster244,cluster193,cluster180,cluster14,1
PRJEB24450,cluster150,cluster237,cluster269,cluster246,cluster199,cluster162,3
PRJEB24450,cluster150,cluster247,cluster284,cluster263,cluster212,cluster162,1
PRJEB24450,cluster151,cluster239,cluster271,cluster203,cluster201,cluster136,3
PRJEB24450,cluster152,cluster240,cluster272,cluster248,cluster202,cluster163,1
PRJEB24450,cluster153,cluster43,cluster147,cluster136,cluster39,cluster164,1
PRJEB24450,cluster154,cluster241,cluster274,cluster249,cluster203,cluster165,1
PRJEB24450,cluster155,cluster242,cluster275,cluster251,cluster204,cluster166,2
PRJEB24450,cluster156,cluster243,cluster276,cluster252,cluster205,cluster167,1
PRJEB24450,cluster157,cluster244,cluster277,cluster253,cluster206,cluster168,1
PRJEB24450,cluster158,cluster201,cluster279,cluster256,cluster208,cluster135,1
PRJEB24450,cluster159,cluster246,cluster283,cluster262,cluster211,cluster170,1
PRJEB24450,cluster160,cluster8,cluster72,cluster9,cluster59,cluster173,1
PRJEB24450,cluster160,cluster8,cluster72,cluster9,cluster59,cluster5,1
PRJEB24450,cluster161,cluster226,cluster287,cluster266,cluster213,cluster134,1
PRJEB24450,cluster162,cluster249,cluster40,cluster267,cluster214,cluster171,1
PRJEB24450,cluster163,cluster250,cluster290,cluster269,cluster215,cluster172,1
PRJEB24450,cluster164,cluster251,cluster292,cluster271,cluster216,cluster174,1
PRJEB24450,cluster165,cluster177,cluster293,cluster116,cluster217,cluster25,1
PRJEB24450,cluster18,cluster119,cluster136,cluster270,cluster19,cluster18,1
PRJEB24450,cluster18,cluster126,cluster136,cluster156,cluster19,cluster99,22
PRJEB24450,cluster18,cluster126,cluster245,cluster217,cluster19,cluster18,1
PRJEB24450,cluster18,cluster18,cluster140,cluster141,cluster119,cluster18,3
PRJEB24450,cluster18,cluster18,cluster20,cluster175,cluster165,cluster133,19
PRJEB24450,cluster18,cluster18,cluster222,cluster18,cluster165,cluster18,119
PRJEB24450,cluster18,cluster18,cluster233,cluster175,cluster174,cluster142,2
PRJEB24450,cluster18,cluster18,cluster233,cluster250,cluster19,cluster14,2
PRJEB24450,cluster18,cluster18,cluster235,cluster141,cluster119,cluster18,11
PRJEB24450,cluster18,cluster18,cluster239,cluster212,cluster178,cluster18,3
PRJEB24450,cluster18,cluster18,cluster239,cluster223,cluster165,cluster14,8
PRJEB24450,cluster18,cluster192,cluster147,cluster136,cluster137,cluster18,22
PRJEB24450,cluster18,cluster192,cluster147,cluster199,cluster19,cluster18,11
PRJEB24450,cluster18,cluster192,cluster147,cluster213,cluster137,cluster18,4
PRJEB24450,cluster18,cluster192,cluster221,cluster154,cluster137,cluster132,18
PRJEB24450,cluster18,cluster192,cluster221,cluster154,cluster160,cluster18,30
PRJEB24450,cluster18,cluster192,cluster221,cluster200,cluster160,cluster18,40
PRJEB24450,cluster18,cluster192,cluster221,cluster211,cluster160,cluster18,14
PRJEB24450,cluster18,cluster192,cluster221,cluster211,cluster19,cluster132,39
PRJEB24450,cluster18,cluster192,cluster224,cluster154,cluster137,cluster132,10
PRJEB24450,cluster18,cluster192,cluster224,cluster200,cluster160,cluster18,1
PRJEB24450,cluster18,cluster192,cluster234,cluster136,cluster19,cluster18,13
PRJEB24450,cluster18,cluster193,cluster147,cluster136,cluster39,cluster18,17
PRJEB24450,cluster18,cluster206,cluster100,cluster153,cluster19,cluster18,2
PRJEB24450,cluster18,cluster209,cluster20,cluster18,cluster19,cluster18,2
PRJEB24450,cluster18,cluster210,cluster100,cluster174,cluster176,cluster18,1
PRJEB24450,cluster18,cluster213,cluster189,cluster18,cluster19,cluster18,22
PRJEB24450,cluster18,cluster213,cluster291,cluster18,cluster19,cluster18,1
PRJEB24450,cluster18,cluster229,cluster20,cluster240,cluster165,cluster156,2
PRJEB24450,cluster18,cluster235,cluster147,cluster152,cluster39,cluster18,3
PRJEB24450,cluster18,cluster238,cluster136,cluster127,cluster200,cluster18,4
PRJEB24450,cluster18,cluster245,cluster140,cluster175,cluster19,cluster18,1
PRJEB24450,cluster18,cluster26,cluster147,cluster154,cluster19,cluster18,1
PRJEB24450,cluster18,cluster26,cluster286,cluster265,cluster137,cluster18,1
PRJEB24450,cluster18,cluster43,cluster100,cluster154,cluster137,cluster18,19
PRJEB24450,cluster18,cluster43,cluster100,cluster220,cluster183,cluster132,3
PRJEB24450,cluster18,cluster43,cluster100,cluster228,cluster183,cluster18,7
PRJEB24450,cluster18,cluster43,cluster147,cluster136,cluster39,cluster14,1
PRJEB24450,cluster18,cluster43,cluster147,cluster149,cluster39,cluster18,145
PRJEB24450,cluster18,cluster43,cluster147,cluster211,cluster137,cluster18,3
PRJEB24450,cluster18,cluster43,cluster147,cluster255,cluster39,cluster14,1
PRJEB24450,cluster18,cluster43,cluster153,cluster224,cluster183,cluster18,2
PRJEB24450,cluster18,cluster43,cluster153,cluster228,cluster183,cluster18,16
PRJEB24450,cluster18,cluster43,cluster220,cluster149,cluster39,cluster18,150
PRJEB24450,cluster18,cluster43,cluster221,cluster247,cluster137,cluster18,2
PRJEB24450,cluster18,cluster43,cluster235,cluster191,cluster39,cluster14,9
PRJEB24450,cluster18,cluster43,cluster273,cluster149,cluster39,cluster18,1
PRJEB24450,cluster18,cluster43,cluster288,cluster152,cluster39,cluster18,1
PRJEB24450,cluster18,cluster43,none,cluster149,cluster39,cluster18,1
PRJEB24450,cluster18,cluster71,cluster20,cluster175,cluster137,cluster86,9
PRJEB24450,cluster18,cluster71,cluster20,cluster18,cluster165,cluster149,15
PRJEB24450,cluster18,cluster71,cluster20,cluster18,cluster19,cluster18,1
PRJEB24450,cluster18,cluster71,cluster20,cluster18,cluster19,cluster86,6
PRJEB24450,cluster18,cluster71,cluster219,cluster175,cluster137,cluster86,9
PRJEB24450,cluster18,cluster71,cluster219,cluster18,cluster19,cluster86,6
PRJEB24450,cluster18,cluster71,cluster240,cluster175,cluster19,cluster14,12
PRJEB24450,cluster18,cluster71,cluster254,cluster141,cluster19,cluster18,2
PRJEB24450,cluster18,cluster71,cluster258,cluster235,cluster19,cluster18,2
PRJEB24450,cluster18,cluster79,cluster100,cluster211,cluster137,cluster18,4
PRJEB24450,cluster18,cluster79,cluster153,cluster211,cluster137,cluster18,18
PRJEB24450,cluster18,cluster79,cluster198,cluster136,cluster19,cluster18,10
PRJEB24450,cluster18,cluster79,cluster257,cluster211,cluster137,cluster18,1
PRJEB24450,cluster18,cluster79,cluster28,cluster136,cluster19,cluster18,3
PRJEB24450,cluster5,cluster227,cluster262,cluster239,cluster193,cluster6,1
PRJEB24450,cluster79,cluster209,cluster289,cluster268,cluster165,cluster18,1
PRJEB24450,cluster8,cluster224,cluster256,cluster234,cluster20,cluster6,1
PRJEB24450,cluster8,cluster24,cluster10,cluster75,cluster20,cluster6,2
PRJEB24450,cluster88,cluster43,cluster153,cluster233,cluster183,cluster18,1
PRJEB24450,cluster88,cluster43,cluster237,cluster154,cluster19,cluster18,30
PRJEB24450,cluster88,cluster43,cluster238,cluster154,cluster19,cluster18,1
PRJEB24450,cluster99,cluster212,cluster242,cluster215,cluster147,cluster111,1
PRJEB24889,cluster2,cluster46,cluster80,cluster76,cluster71,cluster11,1
PRJEB24889,cluster2,cluster46,cluster83,cluster77,cluster11,cluster4,1
PRJEB24889,cluster4,cluster5,cluster5,cluster5,cluster164,cluster5,1
PRJEB59188,cluster10,cluster14,cluster15,cluster9,cluster13,cluster5,1
PRJEB6503,cluster2,cluster2,cluster14,cluster13,cluster11,cluster11,1
PRJNA1003870,cluster18,cluster43,cluster147,cluster149,cluster39,cluster18,2
PRJNA1013226,cluster12,cluster5,cluster8,cluster8,cluster14,cluster5,1
PRJNA1018409,cluster111,cluster187,cluster202,cluster186,cluster57,cluster4,1
PRJNA1018409,cluster12,cluster5,cluster8,cluster8,cluster14,cluster125,1
PRJNA1018409,cluster12,cluster5,cluster8,cluster8,cluster14,cluster5,99
PRJNA1018409,cluster2,cluster12,cluster11,cluster62,cluster11,cluster127,1
PRJNA1018409,cluster2,cluster12,cluster205,cluster190,cluster11,cluster64,1
PRJNA1018409,cluster2,cluster188,cluster77,cluster187,cluster6,cluster4,1
PRJNA1018409,cluster2,cluster189,cluster206,cluster62,cluster11,cluster9,1
PRJNA1018409,cluster48,cluster64,cluster203,cluster158,cluster69,cluster108,1
PRJNA1018409,cluster5,cluster51,cluster57,cluster189,cluster6,cluster126,1
PRJNA1018409,cluster5,cluster6,cluster190,cluster20,cluster6,cluster34,1
PRJNA1018409,cluster5,cluster6,cluster204,cluster71,cluster6,cluster88,1
PRJNA1018409,cluster7,cluster124,cluster8,cluster188,cluster14,cluster5,3
PRJNA1021016,cluster12,cluster5,cluster8,cluster8,cluster14,cluster5,2
PRJNA1022518,cluster12,cluster5,cluster8,cluster8,cluster14,cluster5,1
PRJNA1025040,cluster12,cluster5,cluster8,cluster8,cluster14,cluster5,1
PRJNA1041598,cluster18,cluster126,cluster136,cluster127,cluster19,cluster18,2
PRJNA1041598,cluster18,cluster190,cluster207,cluster18,cluster119,cluster18,1
PRJNA1041598,cluster5,cluster3,cluster27,cluster67,cluster3,cluster3,1
PRJNA1051622,cluster10,cluster191,cluster208,cluster9,cluster13,cluster5,1
PRJNA1070346,cluster112,cluster194,cluster144,cluster136,cluster39,cluster18,1
PRJNA1070346,cluster112,cluster43,cluster147,cluster136,cluster39,cluster18,1
PRJNA1070346,cluster113,cluster126,cluster140,cluster195,cluster19,cluster18,1
PRJNA1070346,cluster114,cluster126,cluster212,cluster18,cluster137,cluster128,1
PRJNA1070346,cluster115,cluster195,cluster214,cluster140,cluster19,cluster18,1
PRJNA1070346,cluster18,cluster168,cluster153,cluster90,cluster19,cluster18,1
PRJNA1070346,cluster18,cluster18,cluster152,cluster192,cluster19,cluster18,10
PRJNA1070346,cluster18,cluster18,cluster210,cluster193,cluster159,cluster18,1
PRJNA1070346,cluster18,cluster18,cluster211,cluster18,cluster19,cluster18,4
PRJNA1070346,cluster18,cluster192,cluster198,cluster154,cluster160,cluster18,1
PRJNA1070346,cluster18,cluster192,cluster213,cluster154,cluster19,cluster18,1
PRJNA1070346,cluster18,cluster193,cluster147,cluster191,cluster39,cluster14,1
PRJNA1070346,cluster18,cluster43,cluster144,cluster136,cluster19,cluster18,1
PRJNA1070346,cluster18,cluster43,cluster147,cluster154,cluster19,cluster18,1
PRJNA1070346,cluster18,cluster43,cluster209,cluster153,cluster137,cluster18,1
PRJNA1070346,cluster18,cluster43,cluster45,cluster194,cluster39,cluster18,1
PRJNA1070346,cluster18,cluster71,cluster140,cluster141,cluster19,cluster14,4
PRJNA1070346,cluster18,cluster71,cluster147,cluster141,cluster19,cluster129,1
PRJNA1070346,cluster18,cluster71,cluster147,cluster191,cluster39,cluster14,1
PRJNA12416,cluster2,cluster2,cluster2,cluster2,cluster2,cluster2,1
PRJNA165717,cluster2,cluster11,cluster11,cluster15,cluster16,cluster4,1
PRJNA165721,cluster7,cluster5,cluster8,cluster25,cluster14,cluster5,1
PRJNA167409,cluster7,cluster22,cluster24,cluster22,cluster22,cluster5,1
PRJNA167413,cluster7,cluster22,cluster24,cluster22,cluster22,cluster5,1
PRJNA167416,cluster7,cluster22,cluster24,cluster22,cluster22,cluster5,1
PRJNA167422,cluster7,cluster22,cluster24,cluster22,cluster22,cluster5,1
PRJNA167426,cluster7,cluster5,cluster8,cluster8,cluster8,cluster5,1
PRJNA167430,cluster7,cluster5,cluster8,cluster8,cluster8,cluster5,1
PRJNA167435,cluster7,cluster5,cluster8,cluster25,cluster14,cluster5,1
PRJNA169408,cluster8,cluster21,cluster23,cluster21,cluster21,cluster6,1
PRJNA169521,cluster8,cluster21,cluster23,cluster21,cluster21,cluster6,1
PRJNA169522,cluster5,cluster20,cluster22,cluster20,cluster6,cluster6,1
PRJNA178798,cluster7,cluster22,cluster8,cluster23,cluster23,cluster5,1
PRJNA179101,cluster12,cluster5,cluster8,cluster8,cluster14,cluster5,1
PRJNA180994,cluster8,cluster19,cluster21,cluster19,cluster20,cluster15,1
PRJNA181198,cluster8,cluster24,cluster10,cluster21,cluster20,cluster6,1
PRJNA196532,cluster16,cluster23,cluster25,cluster24,cluster24,cluster16,1
PRJNA19697,cluster10,cluster14,cluster15,cluster9,cluster13,cluster5,1
PRJNA198193,cluster5,cluster3,cluster27,cluster41,cluster3,cluster3,1
PRJNA198196,cluster20,cluster16,cluster33,cluster30,cluster47,cluster6,1
PRJNA19911,cluster15,cluster18,cluster20,cluster18,cluster19,cluster14,1
PRJNA202281,cluster5,cluster51,cluster57,cluster30,cluster6,cluster34,1
PRJNA210127,cluster8,cluster24,cluster54,cluster21,cluster46,cluster21,1
PRJNA210128,cluster8,cluster49,cluster19,cluster51,cluster25,cluster6,1
PRJNA211378,cluster27,cluster37,cluster40,cluster37,cluster34,cluster25,1
PRJNA211384,cluster26,cluster36,cluster39,cluster36,cluster33,cluster5,1
PRJNA211390,cluster24,cluster35,cluster38,cluster35,cluster32,cluster24,1
PRJNA211394,cluster25,cluster34,cluster36,cluster34,cluster31,cluster23,1
PRJNA211397,cluster24,cluster33,cluster37,cluster33,cluster32,cluster24,1
PRJNA211400,cluster28,cluster36,cluster41,cluster38,cluster35,cluster5,1
PRJNA211401,cluster23,cluster32,cluster36,cluster32,cluster31,cluster23,1
PRJNA211404,cluster22,cluster31,cluster35,cluster31,cluster30,cluster22,1
PRJNA211406,cluster21,cluster30,cluster34,cluster12,cluster29,cluster10,1
PRJNA211409,cluster8,cluster29,cluster10,cluster21,cluster28,cluster21,1
PRJNA211412,cluster20,cluster6,cluster33,cluster30,cluster28,cluster6,1
PRJNA211415,cluster5,cluster28,cluster32,cluster3,cluster26,cluster20,1
PRJNA211417,cluster19,cluster5,cluster31,cluster8,cluster27,cluster5,1
PRJNA211418,cluster5,cluster16,cluster30,cluster29,cluster26,cluster19,1
PRJNA211420,cluster18,cluster27,cluster29,cluster28,cluster19,cluster18,1
PRJNA211421,cluster17,cluster26,cluster28,cluster27,cluster19,cluster17,1
PRJNA211606,cluster8,cluster25,cluster26,cluster21,cluster25,cluster6,1
PRJNA211607,cluster5,cluster3,cluster27,cluster26,cluster3,cluster6,1
PRJNA212371,cluster5,cluster3,cluster27,cluster41,cluster3,cluster3,1
PRJNA227265,cluster8,cluster38,cluster10,cluster39,cluster20,cluster26,1
PRJNA232591,cluster29,cluster39,cluster42,cluster40,cluster36,cluster27,1
PRJNA235155,cluster8,cluster38,cluster10,cluster39,cluster20,cluster26,1
PRJNA251981,cluster2,cluster2,cluster14,cluster13,cluster11,cluster11,1
PRJNA253460,cluster8,cluster42,cluster10,cluster44,cluster20,cluster6,1
PRJNA255815,cluster31,cluster41,cluster44,cluster43,cluster38,cluster29,1
PRJNA255816,cluster30,cluster40,cluster43,cluster42,cluster37,cluster28,1
PRJNA263089,cluster10,cluster14,cluster15,cluster9,cluster13,cluster5,1
PRJNA263429,cluster36,cluster52,cluster58,cluster54,cluster50,cluster35,1
PRJNA263532,cluster15,cluster18,cluster20,cluster18,cluster19,cluster14,1
PRJNA263652,cluster8,cluster42,cluster10,cluster44,cluster20,cluster6,1
PRJNA266479,cluster9,cluster13,cluster56,cluster53,cluster49,cluster10,1
PRJNA266491,cluster9,cluster13,cluster56,cluster53,cluster49,cluster10,1
PRJNA269236,cluster2,cluster44,cluster46,cluster15,cluster16,cluster4,1
PRJNA270634,cluster18,cluster43,cluster45,cluster45,cluster39,cluster18,1
PRJNA274666,cluster32,cluster45,cluster47,cluster46,cluster40,cluster4,1
PRJNA274667,cluster33,cluster46,cluster51,cluster48,cluster43,cluster31,1
PRJNA274668,cluster2,cluster2,cluster14,cluster13,cluster11,cluster11,1
PRJNA274669,cluster8,cluster42,cluster10,cluster17,cluster20,cluster6,1
PRJNA274670,cluster5,cluster48,cluster53,cluster50,cluster45,cluster32,1
PRJNA274688,cluster2,cluster46,cluster49,cluster47,cluster41,cluster30,1
PRJNA274689,cluster1,cluster14,cluster50,cluster9,cluster42,cluster8,1
PRJNA274690,cluster26,cluster47,cluster52,cluster49,cluster44,cluster5,1
PRJNA274691,cluster2,cluster46,cluster48,cluster13,cluster11,cluster4,1
PRJNA278487,cluster8,cluster69,cluster88,cluster79,cluster20,cluster6,1
PRJNA280385,cluster1,cluster1,cluster1,cluster1,cluster1,cluster1,1
PRJNA280980,cluster10,cluster14,cluster15,cluster9,cluster13,cluster5,1
PRJNA282426,cluster2,cluster11,cluster11,cluster4,cluster11,cluster9,1
PRJNA282427,cluster34,cluster12,cluster12,cluster4,cluster11,cluster4,1
PRJNA284850,cluster5,cluster10,none,cluster11,cluster10,cluster6,1
PRJNA284851,cluster38,cluster54,cluster62,cluster57,cluster52,cluster36,1
PRJNA284853,cluster11,cluster4,cluster16,cluster13,cluster2,cluster12,1
PRJNA284855,cluster11,cluster4,cluster16,cluster13,cluster2,cluster12,1
PRJNA285209,cluster11,cluster4,cluster16,cluster13,cluster2,cluster12,1
PRJNA285232,cluster11,cluster4,cluster16,cluster13,cluster2,cluster12,1
PRJNA285233,cluster2,cluster12,cluster12,cluster4,cluster11,cluster4,1
PRJNA285235,cluster1,cluster8,cluster9,cluster9,cluster1,cluster8,1
PRJNA285236,cluster34,cluster12,cluster12,cluster4,cluster11,cluster4,1
PRJNA285237,cluster1,cluster1,cluster1,cluster1,cluster1,cluster1,1
PRJNA286818,cluster40,cluster2,cluster67,cluster13,cluster55,cluster2,1
PRJNA286819,cluster10,cluster14,cluster68,cluster9,cluster13,cluster5,1
PRJNA286821,cluster37,cluster7,cluster59,cluster7,cluster7,cluster7,1
PRJNA286951,cluster8,cluster57,cluster71,cluster63,cluster58,cluster6,1
PRJNA287065,cluster2,cluster2,cluster2,cluster2,cluster2,cluster2,1
PRJNA287068,cluster39,cluster46,cluster64,cluster59,cluster54,cluster4,1
PRJNA287070,cluster21,cluster13,cluster63,cluster58,cluster53,cluster10,1
PRJNA287071,cluster2,cluster2,cluster2,cluster2,cluster2,cluster2,1
PRJNA287072,cluster2,cluster2,cluster2,cluster2,cluster2,cluster2,1
PRJNA287073,cluster2,cluster2,cluster2,cluster2,cluster2,cluster2,1
PRJNA287074,cluster2,cluster2,cluster65,cluster60,cluster2,cluster37,1
PRJNA287075,cluster2,cluster55,cluster66,cluster4,cluster11,cluster38,1
PRJNA287076,cluster5,cluster20,cluster60,cluster55,cluster6,cluster6,1
PRJNA287078,cluster3,cluster53,cluster61,cluster56,cluster51,cluster6,1
PRJNA287079,cluster2,cluster2,cluster14,cluster13,cluster11,cluster11,1
PRJNA287460,cluster1,cluster67,cluster85,cluster78,cluster59,cluster45,1
PRJNA287460,cluster2,cluster2,cluster14,cluster13,cluster11,cluster46,1
PRJNA287460,cluster2,cluster4,cluster4,cluster4,cluster4,cluster4,6
PRJNA287460,cluster2,cluster4,cluster4,cluster69,cluster4,cluster4,1
PRJNA287460,cluster2,cluster46,cluster48,cluster13,cluster11,cluster4,1
PRJNA287460,cluster2,cluster46,cluster80,cluster76,cluster71,cluster11,1
PRJNA287460,cluster2,cluster46,cluster81,cluster76,cluster71,cluster11,1
PRJNA287460,cluster2,cluster46,cluster83,cluster77,cluster11,cluster4,1
PRJNA287460,cluster2,cluster46,cluster84,cluster4,cluster73,cluster11,1
PRJNA287460,cluster2,cluster68,cluster87,cluster59,cluster75,cluster4,1
PRJNA287460,cluster3,cluster3,cluster61,cluster56,cluster51,cluster6,1
PRJNA287460,cluster33,cluster46,cluster51,cluster48,cluster43,cluster31,1
PRJNA287460,cluster39,cluster46,cluster64,cluster59,cluster54,cluster4,1
PRJNA287460,cluster4,cluster5,cluster5,cluster5,none,cluster5,1
PRJNA287460,cluster40,cluster2,cluster14,cluster13,cluster11,cluster11,1
PRJNA287460,cluster49,cluster46,cluster82,cluster59,cluster54,cluster4,1
PRJNA287460,cluster5,cluster3,cluster27,cluster3,cluster25,cluster3,1
PRJNA287460,cluster5,cluster3,cluster27,cluster3,cluster72,cluster3,1
PRJNA287460,cluster5,cluster48,cluster53,cluster50,cluster45,cluster32,1
PRJNA287460,cluster5,cluster66,cluster32,cluster3,cluster3,cluster6,1
PRJNA287460,cluster50,cluster4,cluster86,cluster4,cluster74,cluster4,1
PRJNA287746,cluster7,cluster22,cluster8,cluster23,cluster70,cluster44,1
PRJNA287868,cluster35,cluster50,cluster55,cluster52,cluster48,cluster33,1
PRJNA287872,cluster7,cluster22,cluster8,cluster23,cluster70,cluster44,1
PRJNA287873,cluster7,cluster22,cluster24,cluster23,cluster70,cluster44,1
PRJNA287874,cluster7,cluster22,cluster24,cluster22,cluster22,cluster5,1
PRJNA287880,cluster7,cluster22,cluster24,cluster22,cluster22,cluster5,1
PRJNA290794,cluster52,cluster70,cluster90,cluster81,cluster78,cluster48,1
PRJNA292453,cluster1,cluster1,cluster1,cluster1,cluster1,cluster1,1
PRJNA292453,cluster1,cluster110,cluster128,cluster1,cluster108,cluster74,1
PRJNA292453,cluster1,cluster14,cluster50,cluster9,cluster42,cluster8,1
PRJNA292453,cluster1,cluster8,cluster50,cluster9,cluster1,cluster5,1
PRJNA292453,cluster1,cluster8,cluster9,cluster9,cluster1,cluster8,1
PRJNA292453,cluster1,cluster80,cluster85,cluster78,cluster59,cluster45,1
PRJNA292453,cluster10,cluster14,cluster15,cluster9,cluster13,cluster5,2
PRJNA292453,cluster10,cluster14,cluster68,cluster9,cluster13,cluster5,1
PRJNA292453,cluster10,cluster14,cluster76,cluster70,cluster66,cluster43,3
PRJNA292453,cluster10,cluster8,cluster118,cluster104,cluster99,cluster5,1
PRJNA292453,cluster10,cluster8,cluster72,cluster70,cluster65,cluster5,1
PRJNA292453,cluster11,cluster4,cluster16,cluster13,cluster2,cluster12,4
PRJNA292453,cluster15,cluster18,cluster20,cluster18,cluster19,cluster14,2
PRJNA292453,cluster2,cluster106,cluster2,cluster113,cluster2,cluster72,1
PRJNA292453,cluster2,cluster11,cluster11,cluster15,cluster16,cluster4,3
PRJNA292453,cluster2,cluster12,cluster12,cluster4,cluster11,cluster4,3
PRJNA292453,cluster2,cluster12,cluster70,cluster62,cluster57,cluster39,2
PRJNA292453,cluster2,cluster2,cluster14,cluster13,cluster11,cluster11,2
PRJNA292453,cluster2,cluster2,cluster14,cluster13,cluster11,cluster46,3
PRJNA292453,cluster2,cluster2,cluster2,cluster2,cluster2,cluster2,4
PRJNA292453,cluster2,cluster2,cluster73,cluster2,cluster2,cluster2,1
PRJNA292453,cluster2,cluster4,cluster127,cluster4,cluster4,cluster4,1
PRJNA292453,cluster2,cluster4,cluster4,cluster69,cluster4,cluster4,1
PRJNA292453,cluster2,cluster46,cluster80,cluster76,cluster71,cluster11,2
PRJNA292453,cluster2,cluster46,cluster83,cluster77,cluster11,cluster4,1
PRJNA292453,cluster2,cluster55,cluster66,cluster4,cluster11,cluster38,2
PRJNA292453,cluster2,cluster55,cluster66,cluster4,cluster11,cluster77,1
PRJNA292453,cluster2,cluster64,cluster77,cluster73,cluster6,cluster4,1
PRJNA292453,cluster20,cluster100,cluster10,cluster21,cluster20,cluster6,1
PRJNA292453,cluster20,cluster16,cluster33,cluster30,cluster47,cluster6,1
PRJNA292453,cluster21,cluster116,none,cluster12,cluster53,cluster10,1
PRJNA292453,cluster21,cluster13,none,cluster105,cluster53,cluster68,1
PRJNA292453,cluster21,cluster13,none,cluster12,cluster53,cluster10,1
PRJNA292453,cluster21,cluster13,none,cluster58,cluster53,cluster10,1
PRJNA292453,cluster21,cluster13,none,cluster68,cluster62,cluster10,1
PRJNA292453,cluster21,cluster30,none,cluster12,cluster29,cluster10,1
PRJNA292453,cluster26,cluster103,cluster41,cluster109,cluster103,cluster5,1
PRJNA292453,cluster26,cluster47,cluster52,cluster49,cluster44,cluster5,1
PRJNA292453,cluster26,cluster5,cluster41,cluster111,cluster105,cluster5,1
PRJNA292453,cluster29,cluster39,cluster42,cluster40,cluster109,cluster27,1
PRJNA292453,cluster34,cluster12,cluster12,cluster4,cluster11,cluster4,1
PRJNA292453,cluster37,cluster101,cluster7,cluster7,cluster7,cluster7,1
PRJNA292453,cluster38,cluster54,cluster69,cluster57,cluster52,cluster36,2
PRJNA292453,cluster39,cluster46,cluster64,cluster59,cluster54,cluster4,3
PRJNA292453,cluster4,cluster5,cluster5,cluster5,cluster5,cluster5,1
PRJNA292453,cluster40,cluster2,cluster14,cluster13,cluster11,cluster11,1
PRJNA292453,cluster40,cluster2,cluster67,cluster13,cluster55,cluster2,2
PRJNA292453,cluster41,cluster56,cluster5,cluster61,cluster56,cluster5,3
PRJNA292453,cluster42,cluster13,none,cluster12,cluster53,cluster10,1
PRJNA292453,cluster42,cluster13,none,cluster58,cluster53,cluster10,1
PRJNA292453,cluster43,cluster8,cluster72,cluster9,cluster59,cluster5,5
PRJNA292453,cluster44,cluster111,none,cluster64,cluster60,cluster40,1
PRJNA292453,cluster44,cluster13,none,cluster58,cluster63,cluster10,1
PRJNA292453,cluster44,none,none,cluster64,cluster60,cluster40,1
PRJNA292453,cluster45,cluster115,cluster131,cluster121,cluster61,cluster41,1
PRJNA292453,cluster45,cluster58,cluster132,cluster117,cluster61,cluster80,1
PRJNA292453,cluster45,cluster58,cluster74,cluster117,cluster61,cluster79,1
PRJNA292453,cluster45,cluster58,cluster74,cluster65,cluster61,cluster41,3
PRJNA292453,cluster45,cluster59,cluster75,cluster66,cluster61,cluster41,1
PRJNA292453,cluster48,cluster105,cluster122,cluster112,cluster106,cluster4,1
PRJNA292453,cluster5,cluster20,cluster57,cluster30,cluster6,cluster34,1
PRJNA292453,cluster5,cluster3,cluster32,cluster41,cluster3,cluster62,1
PRJNA292453,cluster5,cluster48,cluster53,cluster50,cluster45,cluster32,3
PRJNA292453,cluster5,cluster48,cluster57,cluster71,cluster107,cluster6,1
PRJNA292453,cluster5,cluster60,cluster3,cluster67,cluster3,cluster42,2
PRJNA292453,cluster5,cluster98,cluster119,cluster71,cluster6,cluster6,1
PRJNA292453,cluster60,cluster89,cluster111,cluster21,cluster93,cluster61,4
PRJNA292453,cluster60,cluster89,cluster111,cluster21,cluster94,cluster61,1
PRJNA292453,cluster64,cluster102,cluster120,cluster108,cluster102,cluster67,1
PRJNA292453,cluster65,cluster13,none,cluster107,cluster12,cluster10,1
PRJNA292453,cluster65,cluster13,none,cluster114,cluster101,cluster10,1
PRJNA292453,cluster65,cluster13,none,cluster118,cluster101,cluster10,1
PRJNA292453,cluster66,cluster104,cluster121,cluster110,cluster104,cluster71,1
PRJNA292453,cluster67,cluster8,cluster50,cluster1,cluster59,cluster43,1
PRJNA292453,cluster68,cluster105,cluster123,cluster115,cluster69,cluster4,1
PRJNA292453,cluster69,cluster107,cluster124,cluster4,cluster74,cluster4,1
PRJNA292453,cluster69,cluster11,cluster11,cluster4,cluster11,cluster75,1
PRJNA292453,cluster7,cluster36,cluster5,cluster8,cluster64,cluster5,2
PRJNA292453,cluster70,cluster108,cluster125,cluster116,none,cluster73,1
PRJNA292453,cluster71,cluster109,cluster126,cluster117,cluster61,cluster41,1
PRJNA292453,cluster72,cluster112,cluster129,cluster119,cluster110,cluster76,1
PRJNA292453,cluster73,cluster107,cluster124,cluster4,cluster74,cluster4,1
PRJNA292453,cluster74,cluster114,cluster130,cluster1,cluster1,cluster78,1
PRJNA292453,cluster75,cluster2,cluster2,cluster13,cluster2,cluster2,1
PRJNA292453,cluster76,cluster13,none,cluster114,cluster53,cluster10,1
PRJNA292453,cluster8,cluster113,cluster10,cluster120,cluster111,cluster6,1
PRJNA292453,cluster8,cluster19,cluster21,cluster19,cluster20,cluster6,1
PRJNA292453,cluster8,cluster25,cluster26,cluster21,cluster25,cluster6,1
PRJNA292453,cluster8,cluster57,cluster71,cluster63,cluster58,cluster6,3
PRJNA292453,cluster8,cluster9,cluster10,cluster10,cluster9,cluster6,2
PRJNA292453,cluster9,cluster13,none,cluster12,cluster12,cluster10,1
PRJNA292453,cluster9,cluster13,none,cluster53,cluster49,cluster10,2
PRJNA292453,cluster9,cluster13,none,cluster58,cluster101,cluster70,1
PRJNA292453,cluster9,cluster99,none,cluster106,cluster100,cluster69,1
PRJNA295866,cluster2,cluster64,cluster77,cluster73,cluster6,cluster4,1
PRJNA295867,cluster48,cluster65,cluster78,cluster74,cluster69,cluster4,1
PRJNA295874,cluster7,cluster22,cluster24,cluster22,cluster22,cluster5,1
PRJNA295876,cluster3,cluster3,cluster61,cluster56,cluster51,cluster6,1
PRJNA295879,cluster4,cluster5,cluster5,cluster5,cluster5,cluster5,1
PRJNA295880,cluster32,cluster45,cluster47,cluster46,cluster40,cluster4,1
PRJNA295881,cluster8,cluster42,cluster10,cluster91,cluster20,cluster6,1
PRJNA295883,cluster1,cluster80,cluster85,cluster78,cluster59,cluster45,1
PRJNA295884,cluster56,cluster83,cluster102,cluster93,cluster85,cluster54,1
PRJNA295885,cluster2,cluster46,cluster83,cluster77,cluster84,cluster4,1
PRJNA295886,cluster2,cluster81,cluster83,cluster77,cluster11,cluster4,1
PRJNA295887,cluster2,cluster46,cluster80,cluster76,cluster71,cluster11,1
PRJNA295888,cluster3,cluster3,cluster61,cluster56,cluster51,cluster6,1
PRJNA296732,cluster8,cluster24,cluster79,cluster75,cluster20,cluster6,1
PRJNA296733,cluster10,cluster8,cluster50,cluster9,cluster59,cluster5,1
PRJNA296734,cluster46,cluster6,cluster57,cluster71,cluster67,cluster6,1
PRJNA296735,cluster5,cluster62,cluster3,cluster3,cluster68,cluster6,1
PRJNA296736,cluster5,cluster82,cluster101,cluster92,cluster6,cluster6,1
PRJNA296737,cluster47,cluster63,cluster35,cluster72,cluster30,cluster22,1
PRJNA296738,cluster5,cluster61,cluster27,cluster67,cluster3,cluster6,1
PRJNA296742,cluster15,cluster18,cluster20,cluster18,cluster19,cluster14,1
PRJNA296833,cluster3,cluster3,cluster61,cluster56,cluster51,cluster6,1
PRJNA301753,cluster10,cluster14,cluster15,cluster9,cluster13,cluster5,1
PRJNA301754,cluster10,cluster14,cluster15,cluster9,cluster13,cluster5,1
PRJNA305105,cluster54,cluster73,cluster94,cluster84,cluster81,cluster50,1
PRJNA31357,cluster9,cluster13,cluster13,cluster12,cluster12,cluster10,1
PRJNA323,cluster3,cluster3,cluster3,cluster3,cluster3,cluster3,1
PRJNA323624,cluster51,cluster24,cluster89,cluster80,cluster77,cluster47,1
PRJNA323624,cluster8,cluster42,cluster10,cluster21,cluster76,cluster6,1
PRJNA329466,cluster18,cluster71,cluster91,cluster82,cluster19,cluster18,1
PRJNA33201,cluster2,cluster4,cluster4,cluster4,cluster4,cluster4,1
PRJNA33203,cluster4,cluster5,cluster5,cluster5,cluster5,cluster5,1
PRJNA33205,cluster2,cluster12,cluster12,cluster4,cluster11,cluster4,1
PRJNA33213,cluster5,cluster6,cluster6,cluster6,cluster6,cluster6,1
PRJNA33215,cluster6,cluster7,cluster7,cluster7,cluster7,cluster7,2
PRJNA33217,cluster7,cluster5,cluster8,cluster8,cluster8,cluster5,1
PRJNA33219,cluster1,cluster8,cluster9,cluster9,cluster1,cluster8,1
PRJNA33221,cluster8,cluster9,cluster10,cluster10,cluster9,cluster6,1
PRJNA33225,cluster5,cluster10,none,cluster11,cluster10,cluster6,1
PRJNA339321,cluster12,cluster5,cluster8,cluster8,cluster14,cluster5,1
PRJNA339322,cluster12,cluster5,cluster8,cluster8,cluster14,cluster5,1
PRJNA339323,cluster12,cluster5,cluster8,cluster8,cluster14,cluster5,1
PRJNA339325,cluster12,cluster5,cluster8,cluster8,cluster14,cluster5,1
PRJNA339326,cluster12,cluster5,cluster8,cluster8,cluster14,cluster5,1
PRJNA339327,cluster12,cluster5,cluster8,cluster8,cluster14,cluster5,1
PRJNA339658,cluster12,cluster5,cluster8,cluster8,cluster14,cluster5,1
PRJNA339669,cluster12,cluster5,cluster8,cluster8,cluster14,cluster5,1
PRJNA339670,cluster12,cluster5,cluster8,cluster8,cluster14,cluster5,1
PRJNA345357,cluster1,cluster67,cluster85,cluster78,cluster59,cluster45,1
PRJNA345357,cluster10,cluster86,cluster106,cluster9,cluster87,cluster5,1
PRJNA345357,cluster2,cluster46,cluster80,cluster76,cluster86,cluster11,1
PRJNA345357,cluster2,cluster46,cluster81,cluster76,cluster71,cluster11,2
PRJNA345357,cluster26,cluster36,cluster107,cluster95,cluster14,cluster57,1
PRJNA345357,cluster3,cluster3,cluster104,cluster3,cluster3,cluster56,1
PRJNA345357,cluster3,cluster3,cluster61,cluster56,cluster51,cluster6,3
PRJNA345357,cluster4,cluster5,cluster5,cluster5,cluster5,cluster5,6
PRJNA345357,cluster5,cluster3,cluster109,cluster99,cluster3,cluster3,1
PRJNA345357,cluster5,cluster51,cluster108,cluster98,cluster6,cluster34,1
PRJNA345357,cluster5,cluster62,cluster27,cluster97,cluster3,cluster3,1
PRJNA345357,cluster57,cluster84,cluster19,cluster21,cluster20,cluster6,1
PRJNA345357,cluster58,cluster46,cluster80,cluster76,cluster71,cluster55,3
PRJNA345357,cluster59,cluster3,cluster105,cluster3,cluster25,cluster3,2
PRJNA345357,cluster59,cluster3,cluster105,cluster96,cluster90,cluster3,1
PRJNA345357,cluster8,cluster24,cluster98,cluster94,cluster20,cluster6,1
PRJNA345357,cluster8,cluster38,cluster10,cluster39,cluster20,cluster26,1
PRJNA345357,cluster8,cluster42,cluster10,cluster63,cluster88,cluster6,1
PRJNA345357,cluster8,cluster42,cluster98,cluster89,cluster20,cluster6,1
PRJNA345357,cluster8,cluster87,cluster19,cluster17,cluster89,cluster6,1
PRJNA345357,cluster8,cluster88,cluster19,cluster21,cluster91,cluster58,1
PRJNA348668,cluster5,cluster6,cluster134,cluster30,cluster113,cluster6,1
PRJNA357646,cluster10,cluster14,cluster68,cluster9,cluster13,cluster5,1
PRJNA357960,cluster7,cluster5,cluster8,cluster8,cluster83,cluster5,1
PRJNA357961,cluster7,cluster5,cluster8,cluster8,cluster83,cluster5,1
PRJNA359,cluster1,cluster1,cluster1,cluster1,cluster1,cluster1,1
PRJNA359702,cluster12,cluster5,cluster8,cluster8,cluster14,cluster5,45
PRJNA359702,cluster12,cluster5,cluster95,cluster85,cluster82,cluster5,1
PRJNA359702,cluster7,cluster5,cluster8,cluster25,cluster14,cluster5,2
PRJNA362578,cluster53,cluster72,cluster93,cluster83,cluster80,cluster49,1
PRJNA363088,cluster20,cluster16,cluster33,cluster30,cluster116,cluster6,1
PRJNA363088,cluster20,cluster6,cluster33,cluster123,cluster28,cluster6,1
PRJNA363088,cluster20,cluster6,cluster33,cluster126,cluster28,cluster6,1
PRJNA363088,cluster20,cluster6,cluster33,cluster30,cluster28,cluster6,4
PRJNA363088,cluster5,cluster118,cluster57,cluster125,cluster6,cluster83,2
PRJNA363088,cluster5,cluster3,cluster110,cluster3,cluster92,cluster3,1
PRJNA363088,cluster5,cluster3,cluster27,cluster3,cluster3,cluster3,1
PRJNA363088,cluster5,cluster51,cluster135,cluster124,cluster114,cluster82,3
PRJNA363088,cluster5,cluster51,cluster135,cluster124,cluster115,cluster82,1
PRJNA369569,cluster7,cluster22,cluster24,cluster22,cluster79,cluster5,1
PRJNA374400,cluster12,cluster5,cluster8,cluster8,cluster14,cluster5,2
PRJNA379352,cluster2,cluster12,cluster12,cluster4,cluster11,cluster4,1
PRJNA380232,cluster2,cluster85,cluster12,cluster4,cluster11,cluster4,1
PRJNA381903,cluster2,cluster2,cluster92,cluster13,cluster11,cluster11,1
PRJNA38647,cluster2,cluster11,cluster11,cluster4,cluster11,cluster9,1
PRJNA386853,cluster57,cluster84,cluster19,cluster21,cluster20,cluster6,1
PRJNA387592,cluster20,cluster19,cluster98,cluster89,cluster20,cluster6,1
PRJNA387592,cluster20,cluster24,cluster10,cluster21,cluster77,cluster47,1
PRJNA387592,cluster20,cluster42,cluster10,cluster88,cluster28,cluster6,1
PRJNA387592,cluster5,cluster20,cluster57,cluster87,cluster6,cluster52,1
PRJNA387592,cluster5,cluster51,cluster57,cluster71,cluster6,cluster6,1
PRJNA387592,cluster5,cluster75,cluster32,cluster67,cluster3,none,1
PRJNA387592,cluster5,cluster76,cluster30,cluster86,cluster25,cluster3,1
PRJNA387592,cluster5,cluster78,cluster99,cluster30,cluster6,cluster53,1
PRJNA387592,cluster55,cluster77,cluster97,cluster26,cluster3,cluster3,1
PRJNA388451,cluster2,cluster2,cluster14,cluster13,cluster11,cluster46,1
PRJNA388575,cluster40,cluster74,cluster96,cluster13,cluster11,cluster51,1
PRJNA388634,cluster40,cluster74,cluster14,cluster13,cluster11,cluster11,1
PRJNA39921,cluster2,cluster4,cluster4,cluster4,cluster4,cluster4,1
PRJNA40343,cluster10,cluster14,cluster15,cluster9,cluster13,cluster5,1
PRJNA40345,cluster10,cluster14,cluster15,cluster9,cluster13,cluster5,1
PRJNA407797,cluster18,cluster79,cluster100,cluster90,cluster19,cluster18,1
PRJNA415736,cluster12,cluster5,cluster8,cluster8,cluster14,cluster5,1
PRJNA415737,cluster12,cluster5,cluster8,cluster8,cluster14,cluster5,1
PRJNA415739,cluster12,cluster5,cluster8,cluster8,cluster14,cluster5,1
PRJNA415740,cluster12,cluster5,cluster8,cluster8,cluster14,cluster5,1
PRJNA416249,cluster12,cluster5,cluster8,cluster8,cluster14,cluster5,1
PRJNA416268,cluster12,cluster5,cluster8,cluster8,cluster14,cluster5,1
PRJNA416272,cluster12,cluster5,cluster8,cluster8,cluster14,cluster5,1
PRJNA416274,cluster12,cluster5,cluster8,cluster8,cluster14,cluster5,1
PRJNA416853,cluster7,cluster5,cluster103,cluster8,cluster14,cluster5,1
PRJNA416953,cluster77,cluster117,cluster133,cluster122,cluster112,cluster81,1
PRJNA417170,cluster7,cluster5,cluster103,cluster8,cluster14,cluster5,1
PRJNA418386,cluster7,cluster36,cluster8,cluster130,cluster121,cluster5,1
PRJNA418387,cluster7,cluster124,cluster8,cluster130,cluster122,cluster5,1
PRJNA418391,cluster7,cluster36,cluster8,cluster130,cluster121,cluster5,1
PRJNA41887,cluster2,cluster2,cluster14,cluster13,cluster11,cluster11,1
PRJNA433083,cluster2,none,cluster12,cluster4,cluster11,cluster4,1
PRJNA437372,cluster7,cluster5,cluster8,cluster8,cluster83,cluster5,1
PRJNA448635,cluster8,cluster42,cluster10,cluster21,cluster20,cluster6,1
PRJNA459504,cluster18,cluster119,cluster136,cluster127,cluster19,cluster18,1
PRJNA459519,cluster18,cluster119,cluster136,cluster127,cluster19,cluster18,1
PRJNA472857,cluster3,cluster3,cluster3,cluster3,cluster3,cluster3,1
PRJNA472857,cluster60,cluster89,cluster111,cluster21,cluster93,cluster59,1
PRJNA472857,cluster60,cluster89,cluster111,cluster21,cluster93,cluster60,1
PRJNA472857,cluster60,cluster90,cluster111,cluster21,cluster94,cluster61,1
PRJNA481030,cluster2,cluster2,cluster2,cluster2,cluster2,cluster2,22
PRJNA481030,cluster2,cluster94,cluster2,cluster2,cluster2,cluster2,1
PRJNA481030,cluster2,none,cluster2,cluster2,cluster2,cluster2,1
PRJNA481030,cluster5,cluster62,cluster112,cluster3,cluster3,cluster6,1
PRJNA481030,cluster5,cluster62,cluster27,cluster99,cluster3,cluster6,3
PRJNA481030,cluster5,cluster62,cluster30,cluster3,cluster3,cluster6,1
PRJNA481030,cluster5,cluster91,cluster27,cluster100,cluster26,cluster62,1
PRJNA481030,cluster5,cluster92,cluster30,cluster26,cluster3,cluster3,1
PRJNA481030,cluster60,cluster89,cluster111,cluster21,cluster93,cluster61,1
PRJNA481030,cluster61,cluster24,cluster10,cluster21,cluster95,cluster6,1
PRJNA481030,cluster8,cluster93,cluster10,cluster21,cluster21,cluster6,1
PRJNA481034,cluster2,cluster11,cluster12,cluster62,cluster11,cluster64,6
PRJNA481034,cluster21,cluster13,cluster113,cluster12,cluster53,cluster10,31
PRJNA481034,cluster21,cluster13,cluster113,cluster12,cluster53,cluster66,5
PRJNA481034,cluster21,cluster13,cluster116,cluster12,cluster53,cluster10,1
PRJNA481034,cluster29,cluster39,cluster42,cluster40,cluster36,cluster27,1
PRJNA481034,cluster62,cluster95,cluster114,cluster101,cluster96,cluster63,2
PRJNA481034,cluster63,cluster96,cluster115,cluster102,cluster97,cluster65,1
PRJNA481034,cluster64,cluster97,cluster117,cluster103,cluster98,cluster67,2
PRJNA484265,cluster2,cluster2,cluster14,cluster13,cluster11,cluster11,1
PRJNA491790,cluster2,cluster44,cluster11,cluster15,cluster16,cluster4,1
PRJNA491792,cluster5,cluster20,cluster57,cluster71,cluster6,cluster6,1
PRJNA495613,cluster12,cluster5,cluster8,cluster8,cluster14,cluster5,1
PRJNA496474,cluster78,cluster120,cluster137,cluster128,cluster117,cluster84,1
PRJNA505402,cluster7,cluster36,cluster162,cluster8,cluster64,cluster97,1
PRJNA505406,cluster7,cluster36,cluster5,cluster8,cluster64,cluster5,1
PRJNA507925,cluster10,cluster14,cluster15,cluster9,cluster13,cluster5,1
PRJNA51517,cluster11,cluster4,cluster16,cluster13,cluster2,cluster12,1
PRJNA51519,none,cluster4,cluster17,cluster13,cluster2,cluster12,1
PRJNA524303,cluster17,cluster26,cluster198,cluster27,cluster19,cluster17,1
PRJNA524303,cluster8,cluster29,cluster10,cluster21,cluster28,cluster21,1
PRJNA524982,cluster1,cluster136,cluster50,cluster1,cluster1,cluster1,1
PRJNA526967,cluster10,cluster14,cluster15,cluster9,cluster13,cluster5,1
PRJNA526967,cluster10,cluster14,cluster68,cluster9,cluster13,cluster5,2
PRJNA527360,cluster12,cluster5,cluster8,cluster8,cluster14,cluster5,1
PRJNA527361,cluster12,cluster5,cluster8,cluster8,cluster14,cluster5,1
PRJNA527363,cluster12,cluster5,cluster8,cluster8,cluster14,cluster5,1
PRJNA527364,cluster12,cluster5,cluster8,cluster8,cluster14,cluster5,1
PRJNA543212,cluster5,cluster3,cluster27,cluster41,cluster3,cluster3,1
PRJNA553980,cluster5,cluster20,cluster141,cluster71,cluster6,cluster6,1
PRJNA554790,cluster20,cluster6,cluster33,cluster30,cluster28,cluster6,1
PRJNA554793,cluster20,cluster6,cluster33,cluster30,cluster28,cluster6,1
PRJNA554828,cluster20,cluster6,cluster33,cluster30,cluster28,cluster6,1
PRJNA554978,cluster8,cluster123,cluster10,cluster89,cluster120,cluster6,1
PRJNA554984,cluster20,cluster6,cluster33,cluster30,cluster28,cluster6,1
PRJNA554988,cluster20,cluster6,cluster33,cluster30,cluster28,cluster6,1
PRJNA554991,cluster20,cluster6,cluster33,cluster30,cluster28,cluster6,1
PRJNA554994,cluster20,cluster6,cluster33,cluster30,cluster28,cluster6,1
PRJNA555000,cluster20,cluster6,cluster33,cluster30,cluster28,cluster6,1
PRJNA555004,cluster20,cluster6,cluster33,cluster30,cluster28,cluster6,1
PRJNA555007,cluster20,cluster6,cluster33,cluster30,cluster28,cluster6,1
PRJNA555009,cluster20,cluster6,cluster33,cluster30,cluster28,cluster6,1
PRJNA555015,cluster20,cluster6,cluster33,cluster30,cluster28,cluster6,1
PRJNA555018,cluster5,cluster51,cluster135,cluster124,cluster114,cluster82,1
PRJNA555019,cluster5,cluster51,cluster135,cluster124,cluster114,cluster82,1
PRJNA555021,cluster5,cluster51,cluster135,cluster124,cluster114,cluster82,1
PRJNA555023,cluster20,cluster6,cluster33,cluster30,cluster28,cluster6,1
PRJNA555025,cluster20,cluster6,cluster33,cluster30,cluster28,cluster6,1
PRJNA555029,cluster5,cluster51,cluster135,cluster124,cluster114,cluster82,1
PRJNA555031,cluster5,cluster51,cluster135,cluster124,cluster114,cluster82,1
PRJNA555032,cluster20,cluster6,cluster33,cluster30,cluster28,cluster6,1
PRJNA555193,cluster20,cluster6,cluster33,cluster30,cluster28,cluster6,1
PRJNA555195,cluster5,cluster51,cluster135,cluster124,cluster114,cluster82,1
PRJNA563568,cluster37,cluster121,cluster138,cluster129,cluster118,cluster85,1
PRJNA563568,cluster45,cluster58,cluster74,cluster65,cluster61,cluster41,1
PRJNA576872,cluster79,cluster122,cluster140,cluster18,cluster119,cluster86,1
PRJNA579470,cluster8,cluster175,cluster19,cluster178,cluster154,cluster6,1
PRJNA587608,cluster100,cluster165,cluster183,cluster172,cluster148,cluster112,1
PRJNA587608,cluster101,cluster166,cluster185,cluster173,cluster149,cluster76,1
PRJNA587608,cluster102,cluster167,cluster19,cluster89,cluster150,cluster58,1
PRJNA587608,cluster103,cluster71,cluster189,cluster175,cluster19,cluster18,1
PRJNA587608,cluster18,cluster168,cluster100,cluster174,cluster151,cluster18,1
PRJNA587608,cluster3,cluster3,cluster104,cluster3,cluster3,cluster56,1
PRJNA587608,cluster3,cluster3,cluster177,cluster56,cluster51,cluster6,11
PRJNA587608,cluster47,cluster163,cluster179,cluster170,cluster30,cluster22,27
PRJNA587608,cluster47,cluster163,cluster180,cluster170,cluster30,cluster22,1
PRJNA587608,cluster47,cluster163,cluster181,cluster170,cluster30,cluster22,1
PRJNA587608,cluster59,cluster161,cluster178,cluster3,cluster145,cluster3,5
PRJNA587608,cluster59,cluster162,cluster178,cluster3,cluster145,cluster3,1
PRJNA587608,cluster59,cluster3,cluster105,cluster3,cluster146,cluster3,1
PRJNA587608,cluster59,cluster3,cluster105,cluster3,cluster25,cluster3,8
PRJNA587608,cluster65,cluster13,cluster186,cluster114,cluster101,cluster113,2
PRJNA587608,cluster65,cluster13,cluster187,cluster114,cluster101,cluster10,2
PRJNA587608,cluster8,cluster24,cluster10,cluster89,cluster20,cluster6,1
PRJNA587608,cluster8,cluster42,cluster10,cluster89,cluster76,cluster6,3
PRJNA587608,cluster8,cluster84,cluster188,cluster17,cluster25,cluster6,1
PRJNA587608,cluster9,cluster13,cluster184,cluster106,cluster100,cluster69,2
PRJNA587608,cluster97,cluster159,cluster175,cluster168,cluster143,cluster109,2
PRJNA587608,cluster98,cluster160,cluster176,cluster169,cluster144,cluster110,2
PRJNA587608,cluster99,cluster164,cluster182,cluster171,cluster147,cluster111,1
PRJNA591322,cluster21,cluster13,cluster139,cluster105,cluster53,cluster68,1
PRJNA595961,cluster1,cluster1,cluster1,cluster1,cluster1,cluster1,3
PRJNA598713,cluster2,cluster2,cluster2,cluster2,cluster2,cluster2,1
PRJNA598713,cluster40,cluster2,cluster67,cluster13,cluster55,cluster2,1
PRJNA603636,cluster2,cluster106,cluster2,cluster113,cluster2,cluster72,2
PRJNA606080,cluster72,cluster125,cluster129,cluster131,cluster123,cluster87,1
PRJNA613155,cluster21,cluster13,cluster139,cluster105,cluster53,cluster68,1
PRJNA629284,cluster12,cluster5,cluster8,cluster8,cluster14,cluster5,6
PRJNA635552,cluster2,cluster2,cluster14,cluster13,cluster11,cluster11,1
PRJNA638121,cluster2,cluster2,cluster14,cluster13,cluster11,cluster11,1
PRJNA661162,cluster5,cluster16,cluster108,cluster71,cluster113,cluster88,1
PRJNA661174,cluster5,cluster16,cluster108,cluster71,cluster113,cluster88,1
PRJNA665156,cluster18,cluster126,cluster136,cluster127,cluster19,cluster18,1
PRJNA665156,cluster18,cluster43,cluster144,cluster133,cluster39,cluster18,1
PRJNA665156,cluster18,cluster43,cluster147,cluster136,cluster39,cluster18,1
PRJNA665156,cluster80,cluster127,cluster143,cluster132,cluster124,cluster89,1
PRJNA665156,cluster80,cluster128,cluster145,cluster134,cluster125,cluster90,1
PRJNA665156,cluster80,cluster128,cluster146,cluster135,cluster125,cluster90,3
PRJNA668990,cluster10,cluster14,cluster15,cluster9,cluster13,cluster5,2
PRJNA679251,cluster1,cluster136,cluster50,cluster1,cluster1,cluster1,1
PRJNA680595,cluster10,cluster14,cluster15,cluster9,cluster13,cluster5,5
PRJNA680595,cluster10,cluster14,cluster68,cluster9,cluster13,cluster5,1
PRJNA680595,cluster18,cluster137,cluster152,cluster140,cluster19,cluster18,1
PRJNA680595,cluster18,cluster43,cluster153,cluster141,cluster19,cluster18,2
PRJNA680595,cluster2,cluster46,cluster80,cluster76,cluster71,cluster11,2
PRJNA680595,cluster20,cluster16,cluster33,cluster30,cluster116,cluster6,4
PRJNA680595,cluster5,cluster51,cluster135,cluster124,cluster114,cluster82,3
PRJNA680595,cluster79,cluster18,cluster140,cluster18,cluster19,cluster18,4
PRJNA680595,cluster8,cluster113,cluster159,cluster146,cluster76,cluster6,1
PRJNA680595,cluster8,cluster138,cluster10,cluster144,cluster76,cluster6,2
PRJNA680595,cluster8,cluster138,cluster10,cluster21,cluster9,cluster95,6
PRJNA680595,cluster8,cluster139,cluster158,cluster145,cluster25,cluster6,1
PRJNA680595,cluster8,cluster140,cluster21,cluster21,cluster20,cluster6,2
PRJNA680595,cluster8,cluster24,cluster156,cluster143,cluster132,cluster6,5
PRJNA680595,cluster8,cluster69,cluster155,cluster21,cluster131,cluster6,1
PRJNA680595,cluster8,cluster9,cluster154,cluster142,cluster130,cluster6,1
PRJNA680595,cluster85,cluster138,cluster157,cluster143,cluster133,cluster6,2
PRJNA680595,cluster86,cluster141,cluster160,cluster147,cluster134,cluster96,1
PRJNA682018,cluster10,cluster14,cluster15,cluster9,cluster129,cluster94,1
PRJNA687493,cluster1,cluster8,cluster50,cluster9,cluster1,cluster5,1
PRJNA687493,cluster37,cluster101,cluster7,cluster7,cluster7,cluster7,1
PRJNA687493,cluster37,cluster7,cluster59,cluster7,cluster7,cluster7,1
PRJNA687493,cluster74,cluster114,cluster130,cluster1,cluster1,cluster78,1
PRJNA691121,cluster8,cluster142,cluster161,cluster148,cluster135,cluster6,1
PRJNA693644,cluster12,cluster5,cluster8,cluster8,cluster14,cluster5,2
PRJNA701181,cluster8,none,cluster10,cluster150,cluster20,cluster6,1
PRJNA701527,cluster5,cluster48,cluster53,cluster50,cluster45,cluster32,2
PRJNA71845,cluster12,cluster5,cluster8,cluster8,cluster14,cluster5,1
PRJNA720427,cluster39,cluster46,cluster82,cluster59,cluster54,cluster4,1
PRJNA723174,cluster8,cluster184,cluster10,cluster21,cluster76,cluster6,1
PRJNA723174,cluster8,cluster24,cluster10,cluster44,cluster157,cluster6,1
PRJNA726855,cluster29,cluster39,cluster42,cluster40,cluster36,cluster27,1
PRJNA728054,cluster18,cluster148,cluster100,cluster153,cluster19,cluster18,1
PRJNA728054,cluster18,cluster149,cluster136,cluster155,cluster19,cluster99,1
PRJNA728054,cluster18,cluster43,cluster147,cluster153,cluster19,cluster18,1
PRJNA728054,cluster18,cluster43,cluster163,cluster149,cluster39,cluster18,1
PRJNA728054,cluster20,cluster144,cluster10,cluster21,cluster20,cluster6,1
PRJNA728054,cluster20,cluster145,cluster10,cluster142,cluster120,cluster6,1
PRJNA728054,cluster20,cluster19,cluster10,cluster21,cluster136,cluster21,1
PRJNA728054,cluster8,cluster143,cluster10,cluster21,cluster76,cluster21,1
PRJNA728054,cluster8,cluster143,cluster10,cluster21,cluster76,cluster6,2
PRJNA728054,cluster8,cluster146,cluster10,cluster75,cluster76,cluster6,1
PRJNA728054,cluster8,cluster19,cluster10,cluster21,cluster120,cluster21,1
PRJNA728054,cluster8,cluster19,cluster10,cluster21,cluster20,cluster6,1
PRJNA728054,cluster8,cluster19,cluster10,cluster21,cluster28,cluster21,1
PRJNA728054,cluster8,cluster24,cluster54,cluster21,cluster46,cluster21,1
PRJNA728054,cluster87,cluster19,cluster10,cluster17,cluster20,cluster21,1
PRJNA728054,cluster88,cluster26,cluster100,cluster152,cluster19,cluster18,1
PRJNA728054,cluster89,cluster43,cluster147,cluster154,cluster137,cluster18,1
PRJNA728054,cluster90,cluster150,cluster136,cluster156,cluster19,cluster99,1
PRJNA728054,cluster91,cluster43,cluster147,cluster157,cluster19,cluster18,1
PRJNA731657,cluster8,none,cluster10,cluster150,cluster20,cluster6,1
PRJNA736824,cluster2,cluster64,cluster174,cluster167,cluster142,cluster108,1
PRJNA737108,cluster81,cluster147,cluster164,cluster151,cluster36,cluster98,1
PRJNA73857,cluster12,cluster5,cluster8,cluster8,cluster14,cluster5,1
PRJNA73865,cluster7,cluster5,cluster8,cluster8,cluster8,cluster5,1
PRJNA746064,cluster2,cluster105,cluster165,cluster158,cluster6,cluster100,1
PRJNA748252,cluster109,cluster37,cluster40,cluster180,cluster155,cluster25,1
PRJNA748252,cluster110,cluster178,cluster40,cluster181,cluster155,cluster118,1
PRJNA748252,cluster12,cluster5,cluster8,cluster8,cluster14,cluster5,1
PRJNA748252,cluster2,cluster4,cluster4,cluster4,cluster4,cluster4,1
PRJNA748252,cluster21,cluster180,cluster56,cluster182,cluster12,cluster10,1
PRJNA748252,cluster27,cluster177,cluster195,cluster37,cluster155,cluster25,1
PRJNA748252,cluster40,cluster4,cluster17,cluster13,cluster2,cluster12,1
PRJNA748252,cluster40,cluster74,cluster14,cluster13,cluster11,cluster11,1
PRJNA748252,cluster44,cluster179,cluster196,cluster114,cluster101,cluster10,1
PRJNA748252,cluster9,cluster13,cluster13,cluster12,cluster12,cluster10,1
PRJNA74963,cluster7,cluster5,cluster8,cluster8,cluster8,cluster5,1
PRJNA74965,cluster12,cluster5,cluster8,cluster8,cluster14,cluster5,1
PRJNA74967,cluster12,cluster5,cluster8,cluster8,cluster14,cluster5,1
PRJNA74969,cluster12,cluster5,cluster8,cluster8,cluster14,cluster5,1
PRJNA74971,cluster7,cluster22,cluster24,cluster22,cluster22,cluster5,1
PRJNA74973,cluster7,cluster22,cluster24,cluster22,cluster22,cluster5,1
PRJNA74975,cluster12,cluster5,cluster8,cluster8,cluster14,cluster5,1
PRJNA74977,cluster12,cluster5,cluster8,cluster8,cluster14,cluster5,1
PRJNA750090,cluster104,cluster3,cluster32,cluster3,cluster68,cluster3,2
PRJNA750090,cluster104,cluster62,cluster199,cluster3,cluster3,cluster3,1
PRJNA750090,cluster105,cluster3,cluster32,cluster3,cluster25,cluster114,1
PRJNA750090,cluster18,cluster71,cluster152,cluster140,cluster153,cluster18,1
PRJNA750090,cluster3,cluster3,cluster61,cluster56,cluster51,cluster6,12
PRJNA750090,cluster5,cluster169,cluster27,cluster41,cluster152,cluster124,1
PRJNA750090,cluster5,cluster169,cluster27,cluster41,cluster152,cluster3,1
PRJNA750090,cluster5,cluster170,cluster32,cluster41,cluster3,cluster6,1
PRJNA750090,cluster5,cluster170,cluster32,cluster41,cluster92,cluster6,1
PRJNA750090,cluster5,cluster185,cluster27,cluster3,cluster3,cluster3,1
PRJNA750090,cluster5,cluster3,cluster97,cluster100,cluster3,cluster6,3
PRJNA750090,cluster5,cluster51,cluster190,cluster71,cluster6,cluster6,1
PRJNA750090,cluster5,cluster62,cluster30,cluster67,cluster25,cluster3,3
PRJNA750090,cluster59,cluster3,cluster105,cluster3,cluster90,cluster3,6
PRJNA750090,cluster8,cluster16,cluster201,cluster185,cluster158,cluster6,1
PRJNA750090,cluster8,cluster19,cluster10,cluster91,cluster20,cluster6,1
PRJNA750090,cluster8,cluster24,cluster200,cluster21,cluster20,cluster6,1
PRJNA750763,cluster53,cluster158,cluster173,cluster166,cluster80,cluster107,1
PRJNA75359,cluster12,cluster5,cluster8,cluster8,cluster14,cluster5,1
PRJNA753923,cluster10,cluster14,cluster15,cluster9,cluster13,cluster5,31
PRJNA753923,cluster10,cluster14,cluster68,cluster9,cluster13,cluster5,1
PRJNA755448,cluster18,cluster43,cluster100,cluster183,cluster156,cluster18,1
PRJNA755448,cluster64,cluster151,cluster117,cluster101,cluster96,cluster67,1
PRJNA755448,cluster64,cluster157,cluster117,cluster103,cluster96,cluster106,1
PRJNA755448,cluster81,cluster147,cluster149,cluster151,cluster36,cluster104,1
PRJNA755448,cluster81,cluster147,cluster164,cluster151,cluster36,cluster98,2
PRJNA755448,cluster81,cluster153,cluster167,cluster160,cluster36,cluster98,1
PRJNA755448,cluster81,cluster154,cluster149,cluster151,cluster109,cluster98,1
PRJNA755448,cluster81,cluster154,cluster164,cluster151,cluster109,cluster98,1
PRJNA755448,cluster81,cluster154,cluster164,cluster151,cluster140,cluster98,1
PRJNA755448,cluster81,cluster154,cluster169,cluster151,cluster109,cluster98,1
PRJNA755448,cluster81,cluster155,cluster171,cluster151,cluster141,cluster98,1
PRJNA755448,cluster81,cluster156,cluster172,cluster164,cluster36,cluster98,1
PRJNA755448,cluster82,cluster133,cluster120,cluster103,cluster96,cluster67,1
PRJNA755448,cluster92,cluster152,cluster166,cluster159,cluster138,cluster101,1
PRJNA755448,cluster92,cluster152,cluster166,cluster161,cluster139,cluster102,1
PRJNA755448,cluster92,cluster152,cluster166,cluster165,cluster138,cluster105,1
PRJNA755448,cluster93,cluster132,cluster164,cluster151,cluster109,cluster98,2
PRJNA755448,cluster93,cluster154,cluster170,cluster151,cluster36,cluster101,2
PRJNA755448,cluster93,cluster154,cluster171,cluster151,cluster109,cluster98,1
PRJNA755448,cluster94,cluster152,cluster164,cluster163,cluster109,cluster98,1
PRJNA755448,cluster94,cluster154,cluster149,cluster151,cluster109,cluster98,1
PRJNA755448,cluster94,cluster154,cluster149,cluster164,cluster109,cluster104,1
PRJNA755448,cluster94,cluster154,cluster164,cluster151,cluster36,cluster103,1
PRJNA755448,cluster95,cluster152,cluster168,cluster162,cluster138,cluster101,1
PRJNA755448,cluster96,cluster154,cluster164,cluster151,cluster109,cluster98,1
PRJNA76165,cluster12,cluster5,cluster8,cluster8,cluster14,cluster5,1
PRJNA765326,cluster2,cluster12,cluster70,cluster62,cluster57,cluster39,1
PRJNA773656,cluster69,cluster181,cluster197,cluster184,cluster74,cluster4,1
PRJNA779166,cluster20,cluster16,cluster33,cluster30,cluster116,cluster121,2
PRJNA779166,cluster20,cluster16,cluster33,cluster30,cluster116,cluster6,1
PRJNA779166,cluster20,cluster6,cluster33,cluster30,cluster28,cluster6,7
PRJNA786935,cluster39,cluster46,cluster82,cluster59,cluster54,cluster4,1
PRJNA786963,cluster105,cluster6,cluster57,cluster177,cluster6,cluster6,3
PRJNA786963,cluster5,cluster16,cluster108,cluster71,cluster113,cluster88,1
PRJNA786963,cluster5,cluster173,cluster57,cluster30,cluster6,cluster34,1
PRJNA786963,cluster5,cluster174,cluster134,cluster71,cluster6,cluster34,1
PRJNA786963,cluster5,cluster20,cluster190,cluster176,cluster6,cluster6,1
PRJNA786963,cluster5,cluster20,cluster60,cluster55,cluster6,cluster6,1
PRJNA786963,cluster5,cluster48,cluster134,cluster176,cluster6,cluster6,2
PRJNA786963,cluster5,cluster51,cluster57,cluster30,cluster6,cluster115,1
PRJNA786963,cluster5,cluster51,cluster57,cluster30,cluster6,cluster34,1
PRJNA786963,cluster5,cluster6,cluster134,cluster30,cluster113,cluster6,1
PRJNA786963,cluster5,cluster6,cluster134,cluster6,cluster6,cluster6,2
PRJNA786963,cluster5,cluster6,cluster191,cluster71,cluster6,cluster34,1
PRJNA786963,cluster5,cluster6,cluster22,cluster98,cluster6,cluster6,2
PRJNA797992,cluster108,cluster176,cluster193,cluster179,cluster122,cluster117,1
PRJNA797992,cluster108,cluster176,cluster194,cluster179,cluster122,cluster117,1
PRJNA804894,cluster2,cluster4,cluster4,cluster4,cluster4,cluster4,1
PRJNA812077,cluster45,cluster59,cluster75,cluster66,cluster61,cluster41,1
PRJNA812078,cluster45,cluster58,cluster132,cluster117,cluster61,cluster80,1
PRJNA817822,cluster18,cluster171,cluster100,cluster154,cluster19,cluster18,1
PRJNA836746,cluster107,cluster119,cluster192,cluster18,cluster19,cluster116,1
PRJNA84319,cluster8,cluster16,cluster10,cluster16,cluster17,none,1
PRJNA84321,cluster14,cluster17,cluster19,cluster17,cluster18,none,1
PRJNA84441,cluster13,cluster15,cluster18,cluster14,cluster15,cluster13,1
PRJNA855602,cluster13,cluster15,cluster18,cluster14,cluster15,cluster13,1
PRJNA882486,cluster5,cluster20,cluster191,cluster87,cluster6,cluster120,1
PRJNA898853,cluster8,cluster182,cluster21,cluster21,cluster21,cluster119,1
PRJNA898853,cluster8,cluster183,cluster10,cluster75,cluster20,cluster6,1
PRJNA898853,cluster8,cluster25,cluster26,cluster21,cluster25,cluster6,1
PRJNA923731,cluster12,cluster5,cluster8,cluster8,cluster14,cluster5,1
PRJNA929082,cluster1,cluster1,cluster1,cluster1,cluster1,cluster1,4
PRJNA952184,cluster12,cluster5,cluster8,cluster8,cluster14,cluster5,6
PRJNA952184,cluster2,cluster2,cluster2,cluster2,cluster2,cluster122,1
PRJNA952184,cluster2,cluster2,cluster2,cluster2,cluster2,cluster2,1
PRJNA952184,cluster7,cluster5,cluster8,cluster8,cluster8,cluster5,1
PRJNA954292,cluster2,cluster4,cluster4,cluster4,cluster4,cluster4,4
PRJNA957756,cluster2,cluster4,cluster4,cluster4,cluster4,cluster4,1
PRJNA971231,cluster3,cluster53,cluster61,cluster56,cluster51,cluster6,1
PRJNA973598,cluster10,cluster14,cluster15,cluster9,cluster13,cluster5,1
PRJNA973598,cluster2,cluster46,cluster80,cluster76,cluster71,cluster11,3
PRJNA976399,cluster34,cluster12,cluster12,cluster4,cluster11,cluster4,1
PRJNA977714,cluster3,cluster28,cluster32,cluster3,cluster3,cluster62,1
PRJNA977718,cluster3,cluster28,cluster32,cluster3,cluster3,cluster62,1
PRJNA979196,cluster10,cluster14,cluster76,cluster70,cluster66,cluster43,1
